{"mean":{"confidence_interval":{"confidence_level":0.95,"lower_bound":2607.7837626615255,"upper_bound":2628.9107900427266},"point_estimate":2617.7120128178412,"standard_error":5.3670644330269015},"median":{"confidence_interval":{"confidence_level":0.95,"lower_bound":2592.2915537724048,"upper_bound":2612.1791631929973},"point_estimate":2601.6396154647773,"standard_error":5.556415358312543},"median_abs_dev":{"confidence_interval":{"confidence_level":0.95,"lower_bound":23.491546289902384,"upper_bound":43.84423252715342},"point_estimate":33.36243920553116,"standard_error":5.616389397630584},"slope":null,"std_dev":{"confidence_interval":{"confidence_level":0.95,"lower_bound":36.65707449024804,"upper_bound":68.35096126915845},"point_estimate":53.52601560725817,"standard_error":8.134686390754121}}