{"mean":{"confidence_interval":{"confidence_level":0.95,"lower_bound":21534668.621749993,"upper_bound":21644428.36666667},"point_estimate":21585031.10333333,"standard_error":28154.379713198683},"median":{"confidence_interval":{"confidence_level":0.95,"lower_bound":21514061.5,"upper_bound":21598289.0},"point_estimate":21561214.833333336,"standard_error":19730.672802197754},"median_abs_dev":{"confidence_interval":{"confidence_level":0.95,"lower_bound":157079.9846112728,"upper_bound":251093.87284219265},"point_estimate":210242.5602674475,"standard_error":24096.34892291722},"slope":null,"std_dev":{"confidence_interval":{"confidence_level":0.95,"lower_bound":179242.7898629857,"upper_bound":401622.55073993205},"point_estimate":285095.7011242859,"standard_error":63824.815877567606}}