{"mean":{"confidence_interval":{"confidence_level":0.95,"lower_bound":149379.18853293415,"upper_bound":150125.60143712573},"point_estimate":149704.74820359275,"standard_error":191.61484386575725},"median":{"confidence_interval":{"confidence_level":0.95,"lower_bound":148998.8982035928,"upper_bound":149581.51497005988},"point_estimate":149255.49251497007,"standard_error":169.0649646322949},"median_abs_dev":{"confidence_interval":{"confidence_level":0.95,"lower_bound":644.3850011347134,"upper_bound":1167.8226924406815},"point_estimate":959.6705389504799,"standard_error":150.86795530638727},"slope":null,"std_dev":{"confidence_interval":{"confidence_level":0.95,"lower_bound":857.3004303683326,"upper_bound":2876.3074812570826},"point_estimate":1902.615438212285,"standard_error":563.6714091902405}}