{"mean":{"confidence_interval":{"confidence_level":0.95,"lower_bound":831543785.2015,"upper_bound":842691472.432},"point_estimate":836653203.33,"standard_error":2849038.661491055},"median":{"confidence_interval":{"confidence_level":0.95,"lower_bound":827442569.0,"upper_bound":830349017.0},"point_estimate":828975152.5,"standard_error":613690.8912411797},"median_abs_dev":{"confidence_interval":{"confidence_level":0.95,"lower_bound":4477210.998013616,"upper_bound":6796562.968736887},"point_estimate":5621999.826389551,"standard_error":592963.5728109635},"slope":null,"std_dev":{"confidence_interval":{"confidence_level":0.95,"lower_bound":17269076.755775873,"upper_bound":37410865.18458889},"point_estimate":28536876.042363144,"standard_error":5153869.695113128}}