{"mean":{"confidence_interval":{"confidence_level":0.95,"lower_bound":98600226.77125001,"upper_bound":98939303.29},"point_estimate":98761648.74,"standard_error":86783.04921141322},"median":{"confidence_interval":{"confidence_level":0.95,"lower_bound":98431552.0,"upper_bound":98687791.5},"point_estimate":98528922.0,"standard_error":64213.26955736526},"median_abs_dev":{"confidence_interval":{"confidence_level":0.95,"lower_bound":407703.87326180935,"upper_bound":692957.7019925413},"point_estimate":546432.9766988754,"standard_error":72904.93737098598},"slope":null,"std_dev":{"confidence_interval":{"confidence_level":0.95,"lower_bound":633141.8955938801,"upper_bound":1081761.6612939036},"point_estimate":874258.7844956728,"standard_error":114835.17912985415}}