{"mean":{"confidence_interval":{"confidence_level":0.95,"lower_bound":409162019.66,"upper_bound":410246099.42},"point_estimate":409686902.0,"standard_error":276457.9703196145},"median":{"confidence_interval":{"confidence_level":0.95,"lower_bound":408452303.0,"upper_bound":409209351.0},"point_estimate":408881521.5,"standard_error":175364.96477288447},"median_abs_dev":{"confidence_interval":{"confidence_level":0.95,"lower_bound":1316803.0425220728,"upper_bound":2424171.0475623608},"point_estimate":1937687.742099166,"standard_error":286014.57787009043},"slope":null,"std_dev":{"confidence_interval":{"confidence_level":0.95,"lower_bound":2200441.970176127,"upper_bound":3298656.4688196112},"point_estimate":2791653.0880840137,"standard_error":279871.88345205184}}