{"mean":{"confidence_interval":{"confidence_level":0.95,"lower_bound":55452.09183035717,"upper_bound":55807.91843749998},"point_estimate":55611.97361607144,"standard_error":90.80067620078938},"median":{"confidence_interval":{"confidence_level":0.95,"lower_bound":55237.09821428572,"upper_bound":55503.60267857143},"point_estimate":55339.828125,"standard_error":75.83762840161339},"median_abs_dev":{"confidence_interval":{"confidence_level":0.95,"lower_bound":295.604952564463,"upper_bound":562.0311462719541},"point_estimate":380.8321127701277,"standard_error":79.60212462187452},"slope":null,"std_dev":{"confidence_interval":{"confidence_level":0.95,"lower_bound":468.4969373605225,"upper_bound":1324.2577541049316},"point_estimate":914.5686208805887,"standard_error":227.66904185698834}}