{"mean":{"confidence_interval":{"confidence_level":0.95,"lower_bound":-0.8129116876097892,"upper_bound":-0.8123196560376519},"point_estimate":-0.8126255924521544,"standard_error":0.00014980654290191924},"median":{"confidence_interval":{"confidence_level":0.95,"lower_bound":-0.8129745777251395,"upper_bound":-0.8125601924208361},"point_estimate":-0.8127386847194603,"standard_error":0.00010829902333538625}}