{"mean":{"confidence_interval":{"confidence_level":0.95,"lower_bound":72067423.76075,"upper_bound":72357539.34},"point_estimate":72205692.03,"standard_error":74406.68769261385},"median":{"confidence_interval":{"confidence_level":0.95,"lower_bound":71888496.0,"upper_bound":72214759.0},"point_estimate":72065547.5,"standard_error":74690.7114802313},"median_abs_dev":{"confidence_interval":{"confidence_level":0.95,"lower_bound":468274.75388646126,"upper_bound":735186.4858478308},"point_estimate":629187.2594296932,"standard_error":68023.70533261528},"slope":null,"std_dev":{"confidence_interval":{"confidence_level":0.95,"lower_bound":547044.0981981679,"upper_bound":935943.6590577763},"point_estimate":750073.9413476494,"standard_error":100148.90268818823}}