{"mean":{"confidence_interval":{"confidence_level":0.95,"lower_bound":60116165.33475,"upper_bound":60428810.89825},"point_estimate":60262039.12,"standard_error":79964.9523436667},"median":{"confidence_interval":{"confidence_level":0.95,"lower_bound":59925544.0,"upper_bound":60228748.5},"point_estimate":60035246.5,"standard_error":76552.58401345009},"median_abs_dev":{"confidence_interval":{"confidence_level":0.95,"lower_bound":357531.94885253906,"upper_bound":661886.0018491745},"point_estimate":461316.1709100008,"standard_error":77720.71090021003},"slope":null,"std_dev":{"confidence_interval":{"confidence_level":0.95,"lower_bound":476280.69097028475,"upper_bound":1081897.7598619726},"point_estimate":804431.2666781542,"standard_error":153143.5426728584}}