{"mean":{"confidence_interval":{"confidence_level":0.95,"lower_bound":602883.6525993976,"upper_bound":607414.9735391566},"point_estimate":604872.9639759035,"standard_error":1159.4762984411689},"median":{"confidence_interval":{"confidence_level":0.95,"lower_bound":600819.5662650602,"upper_bound":602966.6024096386},"point_estimate":601280.8253012048,"standard_error":721.6939520303537},"median_abs_dev":{"confidence_interval":{"confidence_level":0.95,"lower_bound":1989.1668731189802,"upper_bound":4648.352827113838},"point_estimate":2661.1955021519125,"standard_error":822.8810584164376},"slope":null,"std_dev":{"confidence_interval":{"confidence_level":0.95,"lower_bound":3662.0099851002733,"upper_bound":16722.067880517756},"point_estimate":11624.256722804443,"standard_error":3119.722488023848}}