{"mean":{"confidence_interval":{"confidence_level":0.95,"lower_bound":-0.8272170964690413,"upper_bound":-0.8257903321762083},"point_estimate":-0.8264918222122173,"standard_error":0.0003639690919823783},"median":{"confidence_interval":{"confidence_level":0.95,"lower_bound":-0.8265122047495497,"upper_bound":-0.8252850252681126},"point_estimate":-0.8258984018189273,"standard_error":0.000313287231620953}}