{"mean":{"confidence_interval":{"confidence_level":0.95,"lower_bound":29222726.837625,"upper_bound":29587953.728375},"point_estimate":29371197.71,"standard_error":96222.60042453039},"median":{"confidence_interval":{"confidence_level":0.95,"lower_bound":29172991.5,"upper_bound":29252723.0},"point_estimate":29211880.75,"standard_error":23316.18152445807},"median_abs_dev":{"confidence_interval":{"confidence_level":0.95,"lower_bound":191676.08434706926,"upper_bound":311239.6179243922},"point_estimate":255794.45605874062,"standard_error":31069.955803745648},"slope":null,"std_dev":{"confidence_interval":{"confidence_level":0.95,"lower_bound":252697.64558324934,"upper_bound":1560722.5122695847},"point_estimate":964232.9567549637,"standard_error":386570.1281952232}}