{"mean":{"confidence_interval":{"confidence_level":0.95,"lower_bound":2583.475231960101,"upper_bound":2607.906395267286},"point_estimate":2594.4874928567706,"standard_error":6.281314699507171},"median":{"confidence_interval":{"confidence_level":0.95,"lower_bound":2568.8738376019537,"upper_bound":2596.3995012727933},"point_estimate":2579.8791365785237,"standard_error":7.541126308132609},"median_abs_dev":{"confidence_interval":{"confidence_level":0.95,"lower_bound":26.370430915279925,"upper_bound":46.315247819227814},"point_estimate":35.336929675516835,"standard_error":4.7506947580274534},"slope":null,"std_dev":{"confidence_interval":{"confidence_level":0.95,"lower_bound":32.9179677621727,"upper_bound":91.76461029722844},"point_estimate":63.09281769387598,"standard_error":15.835881889723655}}