{"mean":{"confidence_interval":{"confidence_level":0.95,"lower_bound":2619.6442366010315,"upper_bound":2641.4183810677055},"point_estimate":2629.689615668105,"standard_error":5.5522729463862674},"median":{"confidence_interval":{"confidence_level":0.95,"lower_bound":2603.905970306412,"upper_bound":2613.518821733179},"point_estimate":2609.2010898178373,"standard_error":2.715050981584274},"median_abs_dev":{"confidence_interval":{"confidence_level":0.95,"lower_bound":13.888700564208975,"upper_bound":32.54925147541532},"point_estimate":23.111355996977725,"standard_error":5.414029443148619},"slope":null,"std_dev":{"confidence_interval":{"confidence_level":0.95,"lower_bound":32.970299257000065,"upper_bound":76.30593425702354},"point_estimate":55.80128437343086,"standard_error":11.177848563413178}}