{"mean":{"confidence_interval":{"confidence_level":0.95,"lower_bound":-0.8147142763079261,"upper_bound":-0.8138225644463403},"point_estimate":-0.8142536753081495,"standard_error":0.00022843561345242192},"median":{"confidence_interval":{"confidence_level":0.95,"lower_bound":-0.8147892738151027,"upper_bound":-0.8138460647305878},"point_estimate":-0.8142480348398806,"standard_error":0.00022519923352235614}}