{"mean":{"confidence_interval":{"confidence_level":0.95,"lower_bound":2562.758915839397,"upper_bound":2583.5972148518713},"point_estimate":2572.06545010395,"standard_error":5.338042354195487},"median":{"confidence_interval":{"confidence_level":0.95,"lower_bound":2550.552208939709,"upper_bound":2570.237785862786},"point_estimate":2558.52525987526,"standard_error":5.097711929479551},"median_abs_dev":{"confidence_interval":{"confidence_level":0.95,"lower_bound":24.050638138504315,"upper_bound":39.91395697849547},"point_estimate":34.66336461848989,"standard_error":4.211731871310955},"slope":null,"std_dev":{"confidence_interval":{"confidence_level":0.95,"lower_bound":30.839301662622848,"upper_bound":79.20808423292016},"point_estimate":54.16402636772234,"standard_error":14.475892764904389}}