{"mean":{"confidence_interval":{"confidence_level":0.95,"lower_bound":254441879.62,"upper_bound":255126045.89},"point_estimate":254768979.38,"standard_error":174751.72117493316},"median":{"confidence_interval":{"confidence_level":0.95,"lower_bound":254185022.0,"upper_bound":254610102.0},"point_estimate":254398367.5,"standard_error":113156.83341591824},"median_abs_dev":{"confidence_interval":{"confidence_level":0.95,"lower_bound":741234.7524404526,"upper_bound":1383028.5594463348},"point_estimate":893138.9805436134,"standard_error":154568.4106342585},"slope":null,"std_dev":{"confidence_interval":{"confidence_level":0.95,"lower_bound":1299277.424168596,"upper_bound":2124472.2351740994},"point_estimate":1747494.6780235476,"standard_error":209319.60048505664}}