{"mean":{"confidence_interval":{"confidence_level":0.95,"lower_bound":407782997.35225004,"upper_bound":408782147.5055},"point_estimate":408270196.84,"standard_error":254805.6327566275},"median":{"confidence_interval":{"confidence_level":0.95,"lower_bound":407136769.0,"upper_bound":408033094.0},"point_estimate":407478253.5,"standard_error":214470.9057586521},"median_abs_dev":{"confidence_interval":{"confidence_level":0.95,"lower_bound":1291911.671563983,"upper_bound":2482577.332225442},"point_estimate":1840697.5344210863,"standard_error":298924.23938197317},"slope":null,"std_dev":{"confidence_interval":{"confidence_level":0.95,"lower_bound":2190864.0175254764,"upper_bound":2902046.837606345},"point_estimate":2580209.989747995,"standard_error":180866.91876489838}}