{"mean":{"confidence_interval":{"confidence_level":0.95,"lower_bound":48517.163859405446,"upper_bound":48755.66959429825},"point_estimate":48626.4044931774,"standard_error":60.66073864263951},"median":{"confidence_interval":{"confidence_level":0.95,"lower_bound":48341.22514619883,"upper_bound":48587.3693957115},"point_estimate":48407.646686159846,"standard_error":56.89724707566002},"median_abs_dev":{"confidence_interval":{"confidence_level":0.95,"lower_bound":212.89703919547142,"upper_bound":472.489872313389},"point_estimate":332.489661933391,"standard_error":62.35178851139917},"slope":null,"std_dev":{"confidence_interval":{"confidence_level":0.95,"lower_bound":386.4897519458833,"upper_bound":860.0301240164079},"point_estimate":611.2067293488674,"standard_error":136.80596920519932}}