{"mean":{"confidence_interval":{"confidence_level":0.95,"lower_bound":22146243.79,"upper_bound":22367977.859999996},"point_estimate":22242754.956666663,"standard_error":57161.632679945615},"median":{"confidence_interval":{"confidence_level":0.95,"lower_bound":22070832.666666668,"upper_bound":22168233.0},"point_estimate":22097556.0,"standard_error":22251.111095040564},"median_abs_dev":{"confidence_interval":{"confidence_level":0.95,"lower_bound":163853.03255602735,"upper_bound":288759.07807350525},"point_estimate":217142.82764494512,"standard_error":30068.437529482762},"slope":null,"std_dev":{"confidence_interval":{"confidence_level":0.95,"lower_bound":259151.29719631723,"upper_bound":871192.4122103335},"point_estimate":574582.5561657173,"standard_error":173760.30501866908}}