{"mean":{"confidence_interval":{"confidence_level":0.95,"lower_bound":1044274813.20575,"upper_bound":1046284251.2357501},"point_estimate":1045154065.13,"standard_error":515807.3646873688},"median":{"confidence_interval":{"confidence_level":0.95,"lower_bound":1043661188.5,"upper_bound":1045139471.0},"point_estimate":1044403606.5,"standard_error":391061.878990915},"median_abs_dev":{"confidence_interval":{"confidence_level":0.95,"lower_bound":2261185.1259559393,"upper_bound":3919754.89051044},"point_estimate":3037772.474768758,"standard_error":433057.07385485986},"slope":null,"std_dev":{"confidence_interval":{"confidence_level":0.95,"lower_bound":2839257.161051187,"upper_bound":7788407.781529672},"point_estimate":5184073.964397174,"standard_error":1542335.055775994}}