{"mean":{"confidence_interval":{"confidence_level":0.95,"lower_bound":141163.05209419265,"upper_bound":141817.12618696885},"point_estimate":141465.1061473088,"standard_error":167.0707301443512},"median":{"confidence_interval":{"confidence_level":0.95,"lower_bound":140727.98866855525,"upper_bound":141291.5297450425},"point_estimate":140855.171388102,"standard_error":134.82695103338048},"median_abs_dev":{"confidence_interval":{"confidence_level":0.95,"lower_bound":464.66069175062637,"upper_bound":982.2261050619851},"point_estimate":681.2861879047584,"standard_error":138.27469005488473},"slope":null,"std_dev":{"confidence_interval":{"confidence_level":0.95,"lower_bound":1005.6590662248217,"upper_bound":2300.5522171802086},"point_estimate":1688.4684636307707,"standard_error":334.136251917242}}