{"mean":{"confidence_interval":{"confidence_level":0.95,"lower_bound":14271.172810738935,"upper_bound":14412.23829787234},"point_estimate":14336.293410005757,"standard_error":36.17333274715014},"median":{"confidence_interval":{"confidence_level":0.95,"lower_bound":14162.156124209316,"upper_bound":14295.249856239217},"point_estimate":14223.588412880967,"standard_error":37.196360956032066},"median_abs_dev":{"confidence_interval":{"confidence_level":0.95,"lower_bound":135.25777570177146,"upper_bound":277.4793592873865},"point_estimate":197.26678959729844,"standard_error":36.809924469412906},"slope":null,"std_dev":{"confidence_interval":{"confidence_level":0.95,"lower_bound":233.55381443025388,"upper_bound":485.74966270823313},"point_estimate":364.7410820554039,"standard_error":65.6736115543943}}