{"mean":{"confidence_interval":{"confidence_level":0.95,"lower_bound":2614.393634004515,"upper_bound":2635.280163682663},"point_estimate":2624.1698592880384,"standard_error":5.336889048626049},"median":{"confidence_interval":{"confidence_level":0.95,"lower_bound":2600.725401659141,"upper_bound":2616.3812349049667},"point_estimate":2608.27753859078,"standard_error":4.204609150775242},"median_abs_dev":{"confidence_interval":{"confidence_level":0.95,"lower_bound":21.17317167072504,"upper_bound":37.00880342400274},"point_estimate":27.73717560228443,"standard_error":4.511447741684698},"slope":null,"std_dev":{"confidence_interval":{"confidence_level":0.95,"lower_bound":36.678348844499965,"upper_bound":68.82803556804004},"point_estimate":53.42483829912365,"standard_error":8.299781874123568}}