{"mean":{"confidence_interval":{"confidence_level":0.95,"lower_bound":28456755.85825,"upper_bound":28620820.157624997},"point_estimate":28533496.065,"standard_error":41904.24121541417},"median":{"confidence_interval":{"confidence_level":0.95,"lower_bound":28370183.0,"upper_bound":28527214.5},"point_estimate":28438806.25,"standard_error":41437.95350713507},"median_abs_dev":{"confidence_interval":{"confidence_level":0.95,"lower_bound":209009.89267308265,"upper_bound":337732.3543803021},"point_estimate":261074.3652150035,"standard_error":36148.20014245864},"slope":null,"std_dev":{"confidence_interval":{"confidence_level":0.95,"lower_bound":265691.3056983649,"upper_bound":550491.8452728055},"point_estimate":421866.89247124706,"standard_error":71761.50299027217}}