{"mean":{"confidence_interval":{"confidence_level":0.95,"lower_bound":58397.90542352942,"upper_bound":58682.40339970591},"point_estimate":58530.74012941178,"standard_error":72.86923822495804},"median":{"confidence_interval":{"confidence_level":0.95,"lower_bound":58121.96411764706,"upper_bound":58467.79764705882},"point_estimate":58246.21117647059,"standard_error":84.25719518256359},"median_abs_dev":{"confidence_interval":{"confidence_level":0.95,"lower_bound":263.11001858474873,"upper_bound":614.2900076824038},"point_estimate":448.0434562809291,"standard_error":98.32207400811062},"slope":null,"std_dev":{"confidence_interval":{"confidence_level":0.95,"lower_bound":515.9656101721159,"upper_bound":919.9040801965314},"point_estimate":726.062665389083,"standard_error":103.42976324807172}}