{"mean":{"confidence_interval":{"confidence_level":0.95,"lower_bound":90171196.26,"upper_bound":90517010.47525},"point_estimate":90338096.25,"standard_error":88182.02938223223},"median":{"confidence_interval":{"confidence_level":0.95,"lower_bound":90005310.5,"upper_bound":90277867.0},"point_estimate":90142494.0,"standard_error":80155.53606107597},"median_abs_dev":{"confidence_interval":{"confidence_level":0.95,"lower_bound":433974.8034954071,"upper_bound":827573.739517629},"point_estimate":631814.4265830517,"standard_error":97892.13836037603},"slope":null,"std_dev":{"confidence_interval":{"confidence_level":0.95,"lower_bound":671018.8576128292,"upper_bound":1081725.288137827},"point_estimate":885672.4828699933,"standard_error":105397.77495023482}}