{"mean":{"confidence_interval":{"confidence_level":0.95,"lower_bound":48211624.55,"upper_bound":48444261.805625},"point_estimate":48319372.26,"standard_error":59531.800547964274},"median":{"confidence_interval":{"confidence_level":0.95,"lower_bound":48119875.25,"upper_bound":48289434.5},"point_estimate":48195620.75,"standard_error":37206.81084834476},"median_abs_dev":{"confidence_interval":{"confidence_level":0.95,"lower_bound":253907.4769422412,"upper_bound":436680.91909736395},"point_estimate":350179.3649330735,"standard_error":46116.81067671613},"slope":null,"std_dev":{"confidence_interval":{"confidence_level":0.95,"lower_bound":428134.9512822751,"upper_bound":749098.6155485893},"point_estimate":596986.2111456831,"standard_error":82186.97682975123}}