{"mean":{"confidence_interval":{"confidence_level":0.95,"lower_bound":13311335.343999999,"upper_bound":13398908.357875},"point_estimate":13351834.805,"standard_error":22359.804860425716},"median":{"confidence_interval":{"confidence_level":0.95,"lower_bound":13301966.75,"upper_bound":13370092.75},"point_estimate":13334977.25,"standard_error":16477.369710612846},"median_abs_dev":{"confidence_interval":{"confidence_level":0.95,"lower_bound":129838.322044909,"upper_bound":219922.94969558716},"point_estimate":174580.40937557817,"standard_error":22429.286976920055},"slope":null,"std_dev":{"confidence_interval":{"confidence_level":0.95,"lower_bound":136906.58580476965,"upper_bound":302398.7306291962},"point_estimate":224000.5438262038,"standard_error":43294.58460051201}}