{"mean":{"confidence_interval":{"confidence_level":0.95,"lower_bound":13052.517166490163,"upper_bound":13338.693071104386},"point_estimate":13182.965912254162,"standard_error":73.40917007703605},"median":{"confidence_interval":{"confidence_level":0.95,"lower_bound":12892.131770045386,"upper_bound":13059.339939485628},"point_estimate":12975.117095310135,"standard_error":46.68609496791095},"median_abs_dev":{"confidence_interval":{"confidence_level":0.95,"lower_bound":230.26661681966533,"upper_bound":413.69473788994253},"point_estimate":321.40995486871896,"standard_error":46.61445644781282},"slope":null,"std_dev":{"confidence_interval":{"confidence_level":0.95,"lower_bound":419.05900969525567,"upper_bound":1036.767646064817},"point_estimate":752.0181066843651,"standard_error":158.70275666572982}}