{"mean":{"confidence_interval":{"confidence_level":0.95,"lower_bound":-0.980299557426262,"upper_bound":-0.9801495921512228},"point_estimate":-0.9802265151051309,"standard_error":0.00003827812883716672},"median":{"confidence_interval":{"confidence_level":0.95,"lower_bound":-0.9803567110884293,"upper_bound":-0.9802589038216848},"point_estimate":-0.9803133447816886,"standard_error":0.00002387694796792196}}