{"mean":{"confidence_interval":{"confidence_level":0.95,"lower_bound":136230997.08650002,"upper_bound":136861023.47024998},"point_estimate":136504992.85,"standard_error":162127.36230746767},"median":{"confidence_interval":{"confidence_level":0.95,"lower_bound":135965063.0,"upper_bound":136308296.0},"point_estimate":136177508.5,"standard_error":81780.13128690048},"median_abs_dev":{"confidence_interval":{"confidence_level":0.95,"lower_bound":471780.49125172204,"upper_bound":789180.1823392508},"point_estimate":621302.7927696705,"standard_error":81853.60094047114},"slope":null,"std_dev":{"confidence_interval":{"confidence_level":0.95,"lower_bound":764585.4737689511,"upper_bound":2485971.0310946545},"point_estimate":1633564.1339041477,"standard_error":499333.81136517605}}