{"mean":{"confidence_interval":{"confidence_level":0.95,"lower_bound":140000.65577698863,"upper_bound":141441.87829545455},"point_estimate":140706.8491761364,"standard_error":367.1451485131954},"median":{"confidence_interval":{"confidence_level":0.95,"lower_bound":140861.88636363635,"upper_bound":141487.54545454544},"point_estimate":141219.328125,"standard_error":176.2610766594442},"median_abs_dev":{"confidence_interval":{"confidence_level":0.95,"lower_bound":858.6191336200917,"upper_bound":2127.419346037571},"point_estimate":1132.0682722313063,"standard_error":321.3480003610493},"slope":null,"std_dev":{"confidence_interval":{"confidence_level":0.95,"lower_bound":2721.262671949133,"upper_bound":4641.487583803281},"point_estimate":3691.7873363552344,"standard_error":495.005208414015}}