{"mean":{"confidence_interval":{"confidence_level":0.95,"lower_bound":10163768.066000003,"upper_bound":10254357.566499997},"point_estimate":10205728.770000003,"standard_error":23164.604755987355},"median":{"confidence_interval":{"confidence_level":0.95,"lower_bound":10152469.8,"upper_bound":10207072.4},"point_estimate":10183043.1,"standard_error":13382.804423614198},"median_abs_dev":{"confidence_interval":{"confidence_level":0.95,"lower_bound":96159.6551728232,"upper_bound":180695.57829201221},"point_estimate":140341.13438844655,"standard_error":22410.835277247596},"slope":null,"std_dev":{"confidence_interval":{"confidence_level":0.95,"lower_bound":139799.50094705832,"upper_bound":312904.1953875234},"point_estimate":232803.39193372845,"standard_error":44065.24725249102}}