{"mean":{"confidence_interval":{"confidence_level":0.95,"lower_bound":707294.7848732395,"upper_bound":711135.5846232394},"point_estimate":709003.5140845071,"standard_error":981.919594194333},"median":{"confidence_interval":{"confidence_level":0.95,"lower_bound":705018.9014084507,"upper_bound":707795.3450704225},"point_estimate":706489.4929577465,"standard_error":760.5748726530966},"median_abs_dev":{"confidence_interval":{"confidence_level":0.95,"lower_bound":3266.1259786343057,"upper_bound":6098.3930889150515},"point_estimate":4769.816458980794,"standard_error":737.7145133273692},"slope":null,"std_dev":{"confidence_interval":{"confidence_level":0.95,"lower_bound":4962.352945325721,"upper_bound":14411.281288383374},"point_estimate":9850.817845572856,"standard_error":2522.1076392888663}}