{"mean":{"confidence_interval":{"confidence_level":0.95,"lower_bound":-0.8144246940363119,"upper_bound":-0.8129778916201174},"point_estimate":-0.8137771716582503,"standard_error":0.0003671125170143021},"median":{"confidence_interval":{"confidence_level":0.95,"lower_bound":-0.8148284405541546,"upper_bound":-0.8138955498718659},"point_estimate":-0.8144268910037891,"standard_error":0.00022879177581145747}}