{"mean":{"confidence_interval":{"confidence_level":0.95,"lower_bound":57309.986509216586,"upper_bound":57626.60956653226},"point_estimate":57447.06134792627,"standard_error":81.055313898855},"median":{"confidence_interval":{"confidence_level":0.95,"lower_bound":57091.153225806454,"upper_bound":57385.73387096774},"point_estimate":57183.5668202765,"standard_error":81.44338615357636},"median_abs_dev":{"confidence_interval":{"confidence_level":0.95,"lower_bound":260.51570343943166,"upper_bound":590.6056559662694},"point_estimate":373.6852240109219,"standard_error":86.82510563549981},"slope":null,"std_dev":{"confidence_interval":{"confidence_level":0.95,"lower_bound":424.74666812421594,"upper_bound":1232.4691743511123},"point_estimate":812.3733292524576,"standard_error":256.3250388780957}}