{"mean":{"confidence_interval":{"confidence_level":0.95,"lower_bound":1752445.8913793098,"upper_bound":1765477.3910344816},"point_estimate":1758177.320344827,"standard_error":3331.8620817107208},"median":{"confidence_interval":{"confidence_level":0.95,"lower_bound":1745954.1379310344,"upper_bound":1750597.1125},"point_estimate":1747962.9655172413,"standard_error":1245.1402883138442},"median_abs_dev":{"confidence_interval":{"confidence_level":0.95,"lower_bound":6214.087731057194,"upper_bound":14177.438934507101},"point_estimate":9277.497145636198,"standard_error":1996.5546900136003},"slope":null,"std_dev":{"confidence_interval":{"confidence_level":0.95,"lower_bound":16090.62491200474,"upper_bound":49909.223132921456},"point_estimate":33428.93629258403,"standard_error":9380.607987417146}}