{"mean":{"confidence_interval":{"confidence_level":0.95,"lower_bound":30278779.58,"upper_bound":30452666.42875},"point_estimate":30362089.235,"standard_error":44525.593627070426},"median":{"confidence_interval":{"confidence_level":0.95,"lower_bound":30199979.5,"upper_bound":30352350.5},"point_estimate":30274889.0,"standard_error":42860.53108121946},"median_abs_dev":{"confidence_interval":{"confidence_level":0.95,"lower_bound":207490.23696631193,"upper_bound":352971.84198349714},"point_estimate":272480.7481124997,"standard_error":36987.75294932059},"slope":null,"std_dev":{"confidence_interval":{"confidence_level":0.95,"lower_bound":330664.31080748275,"upper_bound":560539.7860464901},"point_estimate":448572.6021886313,"standard_error":59090.510107087866}}