{"mean":{"confidence_interval":{"confidence_level":0.95,"lower_bound":148201.78193452375,"upper_bound":148909.58443452374},"point_estimate":148528.13404761904,"standard_error":181.23852119474617},"median":{"confidence_interval":{"confidence_level":0.95,"lower_bound":147720.40625,"upper_bound":148391.24255952382},"point_estimate":147927.15922619047,"standard_error":175.51547105943152},"median_abs_dev":{"confidence_interval":{"confidence_level":0.95,"lower_bound":625.485101395429,"upper_bound":1272.512027408373},"point_estimate":945.8017082086673,"standard_error":162.69807398162646},"slope":null,"std_dev":{"confidence_interval":{"confidence_level":0.95,"lower_bound":1134.1746457615213,"upper_bound":2467.608342084433},"point_estimate":1833.946698317294,"standard_error":342.7788177878995}}