{"mean":{"confidence_interval":{"confidence_level":0.95,"lower_bound":684863.0731506848,"upper_bound":688946.8047945203},"point_estimate":686766.8401369861,"standard_error":1043.1009889046543},"median":{"confidence_interval":{"confidence_level":0.95,"lower_bound":681949.6164383562,"upper_bound":684431.8424657534},"point_estimate":682847.705479452,"standard_error":547.9684634473782},"median_abs_dev":{"confidence_interval":{"confidence_level":0.95,"lower_bound":2321.680475220214,"upper_bound":5263.314445221828},"point_estimate":3786.8040478392786,"standard_error":695.0108401213724},"slope":null,"std_dev":{"confidence_interval":{"confidence_level":0.95,"lower_bound":6632.820816402234,"upper_bound":13848.225003319632},"point_estimate":10510.235674482541,"standard_error":1839.317266205835}}