{"mean":{"confidence_interval":{"confidence_level":0.95,"lower_bound":2584.6746318684177,"upper_bound":2605.08138018212},"point_estimate":2593.6733144813993,"standard_error":5.253781443236711},"median":{"confidence_interval":{"confidence_level":0.95,"lower_bound":2572.5464639651327,"upper_bound":2588.9706324910494},"point_estimate":2578.2740362164686,"standard_error":5.252737133304855},"median_abs_dev":{"confidence_interval":{"confidence_level":0.95,"lower_bound":21.5151839976015,"upper_bound":39.53844811764448},"point_estimate":29.681539160693273,"standard_error":4.840783559252449},"slope":null,"std_dev":{"confidence_interval":{"confidence_level":0.95,"lower_bound":29.105217864762665,"upper_bound":79.08079190676747},"point_estimate":52.95189431285291,"standard_error":15.606347132979309}}