{"mean":{"confidence_interval":{"confidence_level":0.95,"lower_bound":41459.35727645835,"upper_bound":41817.52028583335},"point_estimate":41624.32838333333,"standard_error":91.89342886710212},"median":{"confidence_interval":{"confidence_level":0.95,"lower_bound":41181.58,"upper_bound":41404.691666666666},"point_estimate":41253.083750000005,"standard_error":62.911147234244076},"median_abs_dev":{"confidence_interval":{"confidence_level":0.95,"lower_bound":190.32021578364572,"upper_bound":524.837301932276},"point_estimate":292.78013630210944,"standard_error":93.01325196657149},"slope":null,"std_dev":{"confidence_interval":{"confidence_level":0.95,"lower_bound":561.2831509264854,"upper_bound":1258.625330164546},"point_estimate":923.5101524790615,"standard_error":182.7138580225484}}