{"mean":{"confidence_interval":{"confidence_level":0.95,"lower_bound":663722.7419466665,"upper_bound":666414.5120700003},"point_estimate":664832.5671999998,"standard_error":704.4714008485947},"median":{"confidence_interval":{"confidence_level":0.95,"lower_bound":662213.0533333333,"upper_bound":664478.58},"point_estimate":662893.52,"standard_error":622.6480965811331},"median_abs_dev":{"confidence_interval":{"confidence_level":0.95,"lower_bound":1762.3171687125584,"upper_bound":4358.735198616938},"point_estimate":2854.83520531654,"standard_error":700.737188945657},"slope":null,"std_dev":{"confidence_interval":{"confidence_level":0.95,"lower_bound":3004.5688090917834,"upper_bound":11153.126415167624},"point_estimate":7022.16336191248,"standard_error":2697.8566604304874}}