{"mean":{"confidence_interval":{"confidence_level":0.95,"lower_bound":803443560.35,"upper_bound":805589881.50275},"point_estimate":804472758.24,"standard_error":548964.1077177816},"median":{"confidence_interval":{"confidence_level":0.95,"lower_bound":802027694.0,"upper_bound":804045211.0},"point_estimate":803011566.0,"standard_error":470263.16968906304},"median_abs_dev":{"confidence_interval":{"confidence_level":0.95,"lower_bound":2907520.877981186,"upper_bound":5204992.638292909},"point_estimate":4319449.7587144375,"standard_error":586522.9457698466},"slope":null,"std_dev":{"confidence_interval":{"confidence_level":0.95,"lower_bound":4235256.233947811,"upper_bound":6684551.438075164},"point_estimate":5515193.6126219975,"standard_error":625430.718730002}}