{"mean":{"confidence_interval":{"confidence_level":0.95,"lower_bound":325043660.86275,"upper_bound":325866122.53849995},"point_estimate":325433411.08,"standard_error":209990.53286977223},"median":{"confidence_interval":{"confidence_level":0.95,"lower_bound":324612690.0,"upper_bound":325190249.0},"point_estimate":324978753.0,"standard_error":137119.8457768841},"median_abs_dev":{"confidence_interval":{"confidence_level":0.95,"lower_bound":1100774.8829573393,"upper_bound":1715466.02114439},"point_estimate":1395337.8457278013,"standard_error":156429.06171592872},"slope":null,"std_dev":{"confidence_interval":{"confidence_level":0.95,"lower_bound":1538580.9563986359,"upper_bound":2686685.8339603203},"point_estimate":2103229.463036039,"standard_error":299051.2115365039}}