{"mean":{"confidence_interval":{"confidence_level":0.95,"lower_bound":-0.8753828680059365,"upper_bound":-0.8681925386486697},"point_estimate":-0.8719357242451423,"standard_error":0.0018436930456479368},"median":{"confidence_interval":{"confidence_level":0.95,"lower_bound":-0.8818870923967607,"upper_bound":-0.8760363225388761},"point_estimate":-0.8805670556116207,"standard_error":0.0016471531621506377}}