{"mean":{"confidence_interval":{"confidence_level":0.95,"lower_bound":2669.883311213769,"upper_bound":2688.5070655101813},"point_estimate":2678.4524167654345,"standard_error":4.7574742967556976},"median":{"confidence_interval":{"confidence_level":0.95,"lower_bound":2655.992538519556,"upper_bound":2675.9245770929856},"point_estimate":2660.9564432711995,"standard_error":5.069836645021566},"median_abs_dev":{"confidence_interval":{"confidence_level":0.95,"lower_bound":20.861112947172042,"upper_bound":42.83597301388736},"point_estimate":30.980684451598968,"standard_error":5.588685171038766},"slope":null,"std_dev":{"confidence_interval":{"confidence_level":0.95,"lower_bound":31.77989504176932,"upper_bound":65.77832564207606},"point_estimate":47.384518208226424,"standard_error":10.061796004156358}}