{"mean":{"confidence_interval":{"confidence_level":0.95,"lower_bound":729987.6945820897,"upper_bound":747197.32025},"point_estimate":739056.0091044779,"standard_error":4419.254545824348},"median":{"confidence_interval":{"confidence_level":0.95,"lower_bound":752142.1492537314,"upper_bound":753773.4179104478},"point_estimate":752857.9477611941,"standard_error":414.6704175801424},"median_abs_dev":{"confidence_interval":{"confidence_level":0.95,"lower_bound":2008.3586912101118,"upper_bound":4481.014586117627},"point_estimate":3492.1646603896456,"standard_error":636.8069442472398},"slope":null,"std_dev":{"confidence_interval":{"confidence_level":0.95,"lower_bound":31494.513258513853,"upper_bound":53637.123879250765},"point_estimate":44384.365796457285,"standard_error":5545.846528346864}}