{"mean":{"confidence_interval":{"confidence_level":0.95,"lower_bound":6235.227538746545,"upper_bound":6297.481112565937},"point_estimate":6263.624645817635,"standard_error":15.932232870976708},"median":{"confidence_interval":{"confidence_level":0.95,"lower_bound":6194.017081135393,"upper_bound":6262.331072594826},"point_estimate":6233.099032906305,"standard_error":16.726730260238693},"median_abs_dev":{"confidence_interval":{"confidence_level":0.95,"lower_bound":64.48434700890363,"upper_bound":114.27248229680335},"point_estimate":97.45432031204071,"standard_error":12.521804992213482},"slope":null,"std_dev":{"confidence_interval":{"confidence_level":0.95,"lower_bound":82.06728396539563,"upper_bound":222.469380645145},"point_estimate":159.34977049322407,"standard_error":35.7652464564908}}