{"mean":{"confidence_interval":{"confidence_level":0.95,"lower_bound":776783.5872346158,"upper_bound":778575.7229230768},"point_estimate":777623.8926153849,"standard_error":456.4759622110415},"median":{"confidence_interval":{"confidence_level":0.95,"lower_bound":775477.0230769231,"upper_bound":777382.1923076923},"point_estimate":776229.6153846154,"standard_error":502.73703602456885},"median_abs_dev":{"confidence_interval":{"confidence_level":0.95,"lower_bound":1959.0126617974447,"upper_bound":3987.349987671916},"point_estimate":2814.5563854162747,"standard_error":476.2420761121974},"slope":null,"std_dev":{"confidence_interval":{"confidence_level":0.95,"lower_bound":3162.1933484672345,"upper_bound":5933.426748546438},"point_estimate":4598.390790558491,"standard_error":714.1668201580944}}