{"mean":{"confidence_interval":{"confidence_level":0.95,"lower_bound":2611.8355300020903,"upper_bound":2634.070865565545},"point_estimate":2621.9404578716285,"standard_error":5.708028744738398},"median":{"confidence_interval":{"confidence_level":0.95,"lower_bound":2600.718743466444,"upper_bound":2613.9098891908843},"point_estimate":2605.0712418983903,"standard_error":3.8491997283418904},"median_abs_dev":{"confidence_interval":{"confidence_level":0.95,"lower_bound":22.63208388107708,"upper_bound":40.979413541757054},"point_estimate":34.90045917550034,"standard_error":4.261644662391259},"slope":null,"std_dev":{"confidence_interval":{"confidence_level":0.95,"lower_bound":30.46250301970103,"upper_bound":82.36073259556235},"point_estimate":57.025765320351645,"standard_error":14.029365124524501}}