{"mean":{"confidence_interval":{"confidence_level":0.95,"lower_bound":55650.62919134395,"upper_bound":56218.76781435078},"point_estimate":55912.387790432804,"standard_error":145.63085340482453},"median":{"confidence_interval":{"confidence_level":0.95,"lower_bound":55234.0410022779,"upper_bound":55714.79669703872},"point_estimate":55409.292141230064,"standard_error":121.14641336976142},"median_abs_dev":{"confidence_interval":{"confidence_level":0.95,"lower_bound":404.611411188013,"upper_bound":906.176755324454},"point_estimate":663.2431245576507,"standard_error":135.6770855039151},"slope":null,"std_dev":{"confidence_interval":{"confidence_level":0.95,"lower_bound":853.2401865602042,"upper_bound":1978.9811562616176},"point_estimate":1459.5144172831162,"standard_error":291.4910284796388}}