{"mean":{"confidence_interval":{"confidence_level":0.95,"lower_bound":227388.69196347028,"upper_bound":228395.5460947488},"point_estimate":227827.4279452054,"standard_error":258.23078657574433},"median":{"confidence_interval":{"confidence_level":0.95,"lower_bound":226762.94977168948,"upper_bound":227776.1506849315},"point_estimate":227273.700913242,"standard_error":220.05591852467015},"median_abs_dev":{"confidence_interval":{"confidence_level":0.95,"lower_bound":1074.184300107498,"upper_bound":1874.791670825372},"point_estimate":1572.79485700882,"standard_error":192.55616438808764},"slope":null,"std_dev":{"confidence_interval":{"confidence_level":0.95,"lower_bound":1276.5302849041357,"upper_bound":3926.5350610831442},"point_estimate":2586.750732470293,"standard_error":776.3414919044394}}