{"mean":{"confidence_interval":{"confidence_level":0.95,"lower_bound":2569.4952276570357,"upper_bound":2591.4430789978733},"point_estimate":2579.657729135328,"standard_error":5.65191557553271},"median":{"confidence_interval":{"confidence_level":0.95,"lower_bound":2553.3974013174957,"upper_bound":2577.1615747704755},"point_estimate":2562.7125628922663,"standard_error":6.316107254397437},"median_abs_dev":{"confidence_interval":{"confidence_level":0.95,"lower_bound":22.278807133778212,"upper_bound":43.07468553642798},"point_estimate":34.346540512691895,"standard_error":5.29248882203898},"slope":null,"std_dev":{"confidence_interval":{"confidence_level":0.95,"lower_bound":35.198067533348464,"upper_bound":78.05097013596617},"point_estimate":56.90495637712519,"standard_error":11.203087263734153}}