{"mean":{"confidence_interval":{"confidence_level":0.95,"lower_bound":588210.1968235297,"upper_bound":590686.4391764705},"point_estimate":589275.0069411768,"standard_error":634.405269125458},"median":{"confidence_interval":{"confidence_level":0.95,"lower_bound":587041.2352941176,"upper_bound":589111.0235294118},"point_estimate":588010.7529411765,"standard_error":547.021228634286},"median_abs_dev":{"confidence_interval":{"confidence_level":0.95,"lower_bound":2588.602111690189,"upper_bound":4191.07988653477},"point_estimate":3633.9833531309273,"standard_error":416.095670008864},"slope":null,"std_dev":{"confidence_interval":{"confidence_level":0.95,"lower_bound":3117.6445503269206,"upper_bound":9737.404984788307},"point_estimate":6383.114175593635,"standard_error":2017.6252178743823}}