{"mean":{"confidence_interval":{"confidence_level":0.95,"lower_bound":21155.85884731183,"upper_bound":21355.47875698925},"point_estimate":21248.450615053764,"standard_error":51.02516310297832},"median":{"confidence_interval":{"confidence_level":0.95,"lower_bound":21035.381505376343,"upper_bound":21181.800430107527},"point_estimate":21087.882150537633,"standard_error":43.16972611201687},"median_abs_dev":{"confidence_interval":{"confidence_level":0.95,"lower_bound":162.73973827208138,"upper_bound":314.66446770391127},"point_estimate":229.08082625558296,"standard_error":43.809333661533934},"slope":null,"std_dev":{"confidence_interval":{"confidence_level":0.95,"lower_bound":276.6137284077501,"upper_bound":715.6211055610546},"point_estimate":516.2011249201934,"standard_error":114.6836596245054}}