{"mean":{"confidence_interval":{"confidence_level":0.95,"lower_bound":20777.76815778431,"upper_bound":20943.371935795218},"point_estimate":20851.228850188836,"standard_error":42.426161518579285},"median":{"confidence_interval":{"confidence_level":0.95,"lower_bound":20686.52664708351,"upper_bound":20880.12757028955},"point_estimate":20749.784095677718,"standard_error":50.07179766529317},"median_abs_dev":{"confidence_interval":{"confidence_level":0.95,"lower_bound":231.1207243063557,"upper_bound":351.04022901747624},"point_estimate":289.26502272855583,"standard_error":31.521940352711997},"slope":null,"std_dev":{"confidence_interval":{"confidence_level":0.95,"lower_bound":243.97273307175422,"upper_bound":632.5648593139895},"point_estimate":427.6814158703083,"standard_error":120.12483693956952}}