{"mean":{"confidence_interval":{"confidence_level":0.95,"lower_bound":30094865.79975,"upper_bound":30218216.455},"point_estimate":30151802.25,"standard_error":31468.119155207092},"median":{"confidence_interval":{"confidence_level":0.95,"lower_bound":30038143.5,"upper_bound":30157027.25},"point_estimate":30085971.25,"standard_error":31729.04098537984},"median_abs_dev":{"confidence_interval":{"confidence_level":0.95,"lower_bound":158465.724475421,"upper_bound":259713.27357541764},"point_estimate":203507.97343701124,"standard_error":26603.67051498622},"slope":null,"std_dev":{"confidence_interval":{"confidence_level":0.95,"lower_bound":192818.88358778052,"upper_bound":429997.95583030983},"point_estimate":316509.0129708159,"standard_error":62584.87111289192}}