{"mean":{"confidence_interval":{"confidence_level":0.95,"lower_bound":9317.611177580675,"upper_bound":9391.571279486692},"point_estimate":9353.21933572372,"standard_error":18.944871288178533},"median":{"confidence_interval":{"confidence_level":0.95,"lower_bound":9260.183053406303,"upper_bound":9341.701264389507},"point_estimate":9281.640498207209,"standard_error":24.578384404517504},"median_abs_dev":{"confidence_interval":{"confidence_level":0.95,"lower_bound":99.05273087025842,"upper_bound":195.5476095633416},"point_estimate":141.8366098993339,"standard_error":27.187741064710583},"slope":null,"std_dev":{"confidence_interval":{"confidence_level":0.95,"lower_bound":144.90277470749993,"upper_bound":235.59210862739167},"point_estimate":190.7397073454426,"standard_error":23.438736592937712}}