{"mean":{"confidence_interval":{"confidence_level":0.95,"lower_bound":2798.9577062482454,"upper_bound":2818.087441434991},"point_estimate":2808.0340404380795,"standard_error":4.882119478242066},"median":{"confidence_interval":{"confidence_level":0.95,"lower_bound":2779.0894692502106,"upper_bound":2802.9838809323223},"point_estimate":2789.5738275765234,"standard_error":6.56599424815724},"median_abs_dev":{"confidence_interval":{"confidence_level":0.95,"lower_bound":18.044461566757278,"upper_bound":39.661568562925794},"point_estimate":27.953275476771292,"standard_error":5.5749030269898},"slope":null,"std_dev":{"confidence_interval":{"confidence_level":0.95,"lower_bound":35.91401613741415,"upper_bound":60.31194511665626},"point_estimate":48.9505882729998,"standard_error":6.267259680759577}}