{"mean":{"confidence_interval":{"confidence_level":0.95,"lower_bound":2663.897132862849,"upper_bound":2713.8964019041277},"point_estimate":2684.199381091877,"standard_error":13.107341850631517},"median":{"confidence_interval":{"confidence_level":0.95,"lower_bound":2638.105672436751,"upper_bound":2677.031744340879},"point_estimate":2664.4719840213047,"standard_error":13.356508991773188},"median_abs_dev":{"confidence_interval":{"confidence_level":0.95,"lower_bound":29.348056608129536,"upper_bound":69.11126945212425},"point_estimate":53.218784818159925,"standard_error":10.596656575959551},"slope":null,"std_dev":{"confidence_interval":{"confidence_level":0.95,"lower_bound":49.30388922578752,"upper_bound":210.98872049019982},"point_estimate":131.18658169272987,"standard_error":53.15828238949366}}