{"mean":{"confidence_interval":{"confidence_level":0.95,"lower_bound":576942.4526954024,"upper_bound":580890.460528736},"point_estimate":578727.005402299,"standard_error":1009.4327740985502},"median":{"confidence_interval":{"confidence_level":0.95,"lower_bound":574373.7183908046,"upper_bound":577207.0689655172},"point_estimate":575516.4252873564,"standard_error":808.4640476866781},"median_abs_dev":{"confidence_interval":{"confidence_level":0.95,"lower_bound":2467.719490671975,"upper_bound":5516.9249158481625},"point_estimate":3767.857419314086,"standard_error":838.2615975770384},"slope":null,"std_dev":{"confidence_interval":{"confidence_level":0.95,"lower_bound":5492.072625727162,"upper_bound":13881.767829754872},"point_estimate":10095.550404845986,"standard_error":2130.5194200042506}}