{"mean":{"confidence_interval":{"confidence_level":0.95,"lower_bound":14271.536343965974,"upper_bound":15015.459404572039},"point_estimate":14638.352293992553,"standard_error":189.86732528496492},"median":{"confidence_interval":{"confidence_level":0.95,"lower_bound":13359.152312599681,"upper_bound":14074.101541733122},"point_estimate":13492.852339181285,"standard_error":182.89038061273845},"median_abs_dev":{"confidence_interval":{"confidence_level":0.95,"lower_bound":386.14714354324195,"upper_bound":1423.5647501652716},"point_estimate":593.1930968849834,"standard_error":267.33065364536344},"slope":null,"std_dev":{"confidence_interval":{"confidence_level":0.95,"lower_bound":1609.0158108611515,"upper_bound":2150.295299520507},"point_estimate":1905.1471653643305,"standard_error":137.35106843709144}}