{"mean":{"confidence_interval":{"confidence_level":0.95,"lower_bound":825401758.709,"upper_bound":828247443.033},"point_estimate":826737942.77,"standard_error":723233.5062041717},"median":{"confidence_interval":{"confidence_level":0.95,"lower_bound":825204013.0,"upper_bound":827178800.0},"point_estimate":825931438.0,"standard_error":484509.79912831925},"median_abs_dev":{"confidence_interval":{"confidence_level":0.95,"lower_bound":2970847.9119569063,"upper_bound":5948965.752884746},"point_estimate":3593682.230499387,"standard_error":741102.0986096639},"slope":null,"std_dev":{"confidence_interval":{"confidence_level":0.95,"lower_bound":4864743.311137711,"upper_bound":9665019.608900521},"point_estimate":7251353.984628633,"standard_error":1249644.2147337678}}