{"mean":{"confidence_interval":{"confidence_level":0.95,"lower_bound":-0.8336150650083347,"upper_bound":-0.8325330287909464},"point_estimate":-0.8330690091428701,"standard_error":0.00027579868242576597},"median":{"confidence_interval":{"confidence_level":0.95,"lower_bound":-0.8338652859367618,"upper_bound":-0.8327368498491785},"point_estimate":-0.8333672175883698,"standard_error":0.0002910493901899903}}