{"mean":{"confidence_interval":{"confidence_level":0.95,"lower_bound":202566525.6585,"upper_bound":203558580.91},"point_estimate":203035630.37,"standard_error":254807.4397997587},"median":{"confidence_interval":{"confidence_level":0.95,"lower_bound":202267687.5,"upper_bound":202969400.5},"point_estimate":202710319.5,"standard_error":220924.35415736097},"median_abs_dev":{"confidence_interval":{"confidence_level":0.95,"lower_bound":1551145.018261671,"upper_bound":2337854.0770947933},"point_estimate":2051362.3885810375,"standard_error":199115.84724010358},"slope":null,"std_dev":{"confidence_interval":{"confidence_level":0.95,"lower_bound":1738802.169798754,"upper_bound":3382633.764638267},"point_estimate":2553038.1150206155,"standard_error":433219.66028720496}}