{"mean":{"confidence_interval":{"confidence_level":0.95,"lower_bound":985539623.907,"upper_bound":988020252.25625},"point_estimate":986685906.36,"standard_error":631057.3282912024},"median":{"confidence_interval":{"confidence_level":0.95,"lower_bound":984546195.0,"upper_bound":986382543.0},"point_estimate":985249574.5,"standard_error":563909.9290257074},"median_abs_dev":{"confidence_interval":{"confidence_level":0.95,"lower_bound":2646822.7225095034,"upper_bound":4990391.481202841},"point_estimate":3492625.251093507,"standard_error":605907.362743804},"slope":null,"std_dev":{"confidence_interval":{"confidence_level":0.95,"lower_bound":3863391.5986010404,"upper_bound":8848542.474374704},"point_estimate":6339812.184728665,"standard_error":1325168.5339838362}}