{"mean":{"confidence_interval":{"confidence_level":0.95,"lower_bound":-0.8251999294039625,"upper_bound":-0.8240244345708756},"point_estimate":-0.8246292968817474,"standard_error":0.0002987831214418108},"median":{"confidence_interval":{"confidence_level":0.95,"lower_bound":-0.8253855502056741,"upper_bound":-0.8241728171468585},"point_estimate":-0.8246532232331664,"standard_error":0.00030373623222306866}}