{"mean":{"confidence_interval":{"confidence_level":0.95,"lower_bound":72464638.15,"upper_bound":72856280.85},"point_estimate":72643790.22,"standard_error":100025.0449012047},"median":{"confidence_interval":{"confidence_level":0.95,"lower_bound":72255329.0,"upper_bound":72611213.5},"point_estimate":72470193.5,"standard_error":98288.19699763923},"median_abs_dev":{"confidence_interval":{"confidence_level":0.95,"lower_bound":465164.2591416836,"upper_bound":796399.3322610855},"point_estimate":671184.8688840866,"standard_error":90465.91221462545},"slope":null,"std_dev":{"confidence_interval":{"confidence_level":0.95,"lower_bound":550745.0825684125,"upper_bound":1375117.13017608},"point_estimate":1002287.7478432016,"standard_error":207743.937333484}}