{"mean":{"confidence_interval":{"confidence_level":0.95,"lower_bound":2553.876808291755,"upper_bound":2572.9193234144323},"point_estimate":2562.9188205339237,"standard_error":4.8436775937336725},"median":{"confidence_interval":{"confidence_level":0.95,"lower_bound":2537.471992181472,"upper_bound":2552.3361452600175},"point_estimate":2545.32794094954,"standard_error":3.978423908067557},"median_abs_dev":{"confidence_interval":{"confidence_level":0.95,"lower_bound":18.11253803333253,"upper_bound":38.55003968389381},"point_estimate":27.987515803724484,"standard_error":5.614039362497969},"slope":null,"std_dev":{"confidence_interval":{"confidence_level":0.95,"lower_bound":36.1598796197442,"upper_bound":60.39959402136439},"point_estimate":48.74819630444637,"standard_error":6.197460410584537}}