{"mean":{"confidence_interval":{"confidence_level":0.95,"lower_bound":3237.3671634395987,"upper_bound":3266.878626377208},"point_estimate":3250.695022491688,"standard_error":7.595892890377788},"median":{"confidence_interval":{"confidence_level":0.95,"lower_bound":3216.162787665428,"upper_bound":3247.3354847121714},"point_estimate":3227.6712953908336,"standard_error":7.732304760928216},"median_abs_dev":{"confidence_interval":{"confidence_level":0.95,"lower_bound":29.9686431604993,"upper_bound":60.43602912458156},"point_estimate":45.52690558719851,"standard_error":7.730030488160255},"slope":null,"std_dev":{"confidence_interval":{"confidence_level":0.95,"lower_bound":43.849224196199465,"upper_bound":110.3175385768645},"point_estimate":76.56114929444212,"standard_error":18.817162163658548}}