{"mean":{"confidence_interval":{"confidence_level":0.95,"lower_bound":594840.9338363092,"upper_bound":597223.3825357143},"point_estimate":595910.6738095235,"standard_error":613.893885066806},"median":{"confidence_interval":{"confidence_level":0.95,"lower_bound":593101.375,"upper_bound":595656.7738095238},"point_estimate":594255.2380952381,"standard_error":650.1959918999466},"median_abs_dev":{"confidence_interval":{"confidence_level":0.95,"lower_bound":2269.314071586521,"upper_bound":4849.778663899209},"point_estimate":3622.6977356842053,"standard_error":645.6853298176152},"slope":null,"std_dev":{"confidence_interval":{"confidence_level":0.95,"lower_bound":3424.7832056811662,"upper_bound":8970.362643928156},"point_estimate":6176.688557342969,"standard_error":1555.7587417358268}}