{"mean":{"confidence_interval":{"confidence_level":0.95,"lower_bound":-0.8261801477977363,"upper_bound":-0.8250929549138322},"point_estimate":-0.8256656114046741,"standard_error":0.0002768937933717827},"median":{"confidence_interval":{"confidence_level":0.95,"lower_bound":-0.8259186546461045,"upper_bound":-0.8251182786103907},"point_estimate":-0.8255355390354104,"standard_error":0.0001926851958908164}}