{"mean":{"confidence_interval":{"confidence_level":0.95,"lower_bound":5109.11014113579,"upper_bound":5156.476595766973},"point_estimate":5131.203916596815,"standard_error":12.172486696704935},"median":{"confidence_interval":{"confidence_level":0.95,"lower_bound":5078.645746018441,"upper_bound":5127.316010058676},"point_estimate":5091.913453478625,"standard_error":11.819548415974957},"median_abs_dev":{"confidence_interval":{"confidence_level":0.95,"lower_bound":50.54277137846212,"upper_bound":91.60771484471876},"point_estimate":73.6609384764144,"standard_error":9.827190787267728},"slope":null,"std_dev":{"confidence_interval":{"confidence_level":0.95,"lower_bound":74.62218506889798,"upper_bound":167.11563024384176},"point_estimate":121.56598439214018,"standard_error":24.387127879355297}}