{"mean":{"confidence_interval":{"confidence_level":0.95,"lower_bound":808823739.426,"upper_bound":810137205.2995},"point_estimate":809468341.43,"standard_error":336097.59332453314},"median":{"confidence_interval":{"confidence_level":0.95,"lower_bound":807962729.0,"upper_bound":809959193.0},"point_estimate":808753543.0,"standard_error":483465.58234492934},"median_abs_dev":{"confidence_interval":{"confidence_level":0.95,"lower_bound":2392729.549920559,"upper_bound":3718126.4831900597},"point_estimate":3204200.993514061,"standard_error":351533.70541911206},"slope":null,"std_dev":{"confidence_interval":{"confidence_level":0.95,"lower_bound":2767028.6636621007,"upper_bound":3945597.367172815},"point_estimate":3384205.7694694516,"standard_error":302494.1688966684}}