{"mean":{"confidence_interval":{"confidence_level":0.95,"lower_bound":22081549.312916674,"upper_bound":22224795.63158333},"point_estimate":22146893.87,"standard_error":36890.70906756566},"median":{"confidence_interval":{"confidence_level":0.95,"lower_bound":22042768.0,"upper_bound":22096681.666666668},"point_estimate":22082820.166666668,"standard_error":16884.3612587076},"median_abs_dev":{"confidence_interval":{"confidence_level":0.95,"lower_bound":119549.94307756792,"upper_bound":230208.73411297429},"point_estimate":164883.64957273283,"standard_error":27773.536498236328},"slope":null,"std_dev":{"confidence_interval":{"confidence_level":0.95,"lower_bound":199742.74272416884,"upper_bound":521348.56577699934},"point_estimate":371911.2121769542,"standard_error":84454.68771784156}}