{"mean":{"confidence_interval":{"confidence_level":0.95,"lower_bound":2563.789577609462,"upper_bound":2584.7485692052296},"point_estimate":2573.4076696410034,"standard_error":5.354345950940218},"median":{"confidence_interval":{"confidence_level":0.95,"lower_bound":2548.864235318531,"upper_bound":2568.7520751193197},"point_estimate":2554.588737289894,"standard_error":5.2527464021517964},"median_abs_dev":{"confidence_interval":{"confidence_level":0.95,"lower_bound":20.416169242230616,"upper_bound":41.848568623090415},"point_estimate":27.14328587420094,"standard_error":5.28035924790404},"slope":null,"std_dev":{"confidence_interval":{"confidence_level":0.95,"lower_bound":32.9697378249604,"upper_bound":76.91138557521472},"point_estimate":53.95299966324777,"standard_error":12.856507611586197}}