{"mean":{"confidence_interval":{"confidence_level":0.95,"lower_bound":21647412.153333336,"upper_bound":21768712.85666666},"point_estimate":21706260.549999997,"standard_error":30930.063400391013},"median":{"confidence_interval":{"confidence_level":0.95,"lower_bound":21560170.333333332,"upper_bound":21713460.333333332},"point_estimate":21653335.166666664,"standard_error":36282.83314251545},"median_abs_dev":{"confidence_interval":{"confidence_level":0.95,"lower_bound":196914.72780406658,"upper_bound":335179.5303493738},"point_estimate":285446.70263230434,"standard_error":36892.01592183618},"slope":null,"std_dev":{"confidence_interval":{"confidence_level":0.95,"lower_bound":241844.6104068947,"upper_bound":376523.83215075854},"point_estimate":311309.84378571855,"standard_error":34402.8415625409}}