{"mean":{"confidence_interval":{"confidence_level":0.95,"lower_bound":2574.6440247997944,"upper_bound":2591.385946783777},"point_estimate":2582.5675282872644,"standard_error":4.258184702848037},"median":{"confidence_interval":{"confidence_level":0.95,"lower_bound":2564.6452596228364,"upper_bound":2577.302144148799},"point_estimate":2569.4479721002326,"standard_error":3.396234898934923},"median_abs_dev":{"confidence_interval":{"confidence_level":0.95,"lower_bound":21.392412423101963,"upper_bound":36.43067175828979},"point_estimate":30.691198261632408,"standard_error":3.8681124916891982},"slope":null,"std_dev":{"confidence_interval":{"confidence_level":0.95,"lower_bound":29.69112006506433,"upper_bound":55.57556926075261},"point_estimate":42.842378814399716,"standard_error":6.729666346801344}}