{"mean":{"confidence_interval":{"confidence_level":0.95,"lower_bound":258633143.60475,"upper_bound":259411276.85575},"point_estimate":259005601.84,"standard_error":199775.5015397697},"median":{"confidence_interval":{"confidence_level":0.95,"lower_bound":258264724.0,"upper_bound":258890146.5},"point_estimate":258542388.5,"standard_error":143910.9729755993},"median_abs_dev":{"confidence_interval":{"confidence_level":0.95,"lower_bound":991776.35679245,"upper_bound":1565523.272806406},"point_estimate":1259137.316545844,"standard_error":143880.90754607113},"slope":null,"std_dev":{"confidence_interval":{"confidence_level":0.95,"lower_bound":1514590.6730249403,"upper_bound":2442353.972879965},"point_estimate":2012993.238047652,"standard_error":237057.40772569383}}