{"mean":{"confidence_interval":{"confidence_level":0.95,"lower_bound":678572.584770548,"upper_bound":693286.5806849316},"point_estimate":686326.1871232875,"standard_error":3775.9873918055287},"median":{"confidence_interval":{"confidence_level":0.95,"lower_bound":697514.6712328767,"upper_bound":699861.5616438356},"point_estimate":698578.4726027397,"standard_error":588.7344491983604},"median_abs_dev":{"confidence_interval":{"confidence_level":0.95,"lower_bound":2707.237706731454,"upper_bound":5771.091481104278},"point_estimate":4109.310161291689,"standard_error":690.5364128528873},"slope":null,"std_dev":{"confidence_interval":{"confidence_level":0.95,"lower_bound":28293.8109607654,"upper_bound":44926.76303657769},"point_estimate":37719.433008248816,"standard_error":4248.622600015676}}