{"mean":{"confidence_interval":{"confidence_level":0.95,"lower_bound":-0.9773599725849694,"upper_bound":-0.9771797006348406},"point_estimate":-0.9772677042479272,"standard_error":0.00004599764177046589},"median":{"confidence_interval":{"confidence_level":0.95,"lower_bound":-0.9773525782474343,"upper_bound":-0.9771526126554091},"point_estimate":-0.977263884461834,"standard_error":0.00004788997371348088}}