{"mean":{"confidence_interval":{"confidence_level":0.95,"lower_bound":944638456.85,"upper_bound":946005134.12025},"point_estimate":945310125.24,"standard_error":349836.5310566369},"median":{"confidence_interval":{"confidence_level":0.95,"lower_bound":944186455.0,"upper_bound":945570217.0},"point_estimate":944807471.0,"standard_error":316394.4483874526},"median_abs_dev":{"confidence_interval":{"confidence_level":0.95,"lower_bound":2548554.513654113,"upper_bound":4425489.756631851},"point_estimate":3440680.878415704,"standard_error":452312.586257806},"slope":null,"std_dev":{"confidence_interval":{"confidence_level":0.95,"lower_bound":2955368.814772932,"upper_bound":4041631.7633598824},"point_estimate":3516178.366136841,"standard_error":277687.04125985637}}