{"mean":{"confidence_interval":{"confidence_level":0.95,"lower_bound":2745.8389314717997,"upper_bound":2767.3646312159312},"point_estimate":2755.9054761375014,"standard_error":5.503466554740364},"median":{"confidence_interval":{"confidence_level":0.95,"lower_bound":2727.618292496385,"upper_bound":2765.6911781065746},"point_estimate":2744.049644009345,"standard_error":9.915570591851274},"median_abs_dev":{"confidence_interval":{"confidence_level":0.95,"lower_bound":27.566479908861066,"upper_bound":55.69260770229712},"point_estimate":41.9220027933926,"standard_error":6.773920158862371},"slope":null,"std_dev":{"confidence_interval":{"confidence_level":0.95,"lower_bound":36.761440260086246,"upper_bound":74.72868111249468},"point_estimate":55.33372649975221,"standard_error":9.967773448916653}}