{"mean":{"confidence_interval":{"confidence_level":0.95,"lower_bound":-0.7999448089610438,"upper_bound":-0.7993781688299079},"point_estimate":-0.7996378276978884,"standard_error":0.0001425822783420353},"median":{"confidence_interval":{"confidence_level":0.95,"lower_bound":-0.8001640185138266,"upper_bound":-0.7996636307431367},"point_estimate":-0.7999061575388907,"standard_error":0.00011789007065908824}}