{"mean":{"confidence_interval":{"confidence_level":0.95,"lower_bound":13429743.79,"upper_bound":13501180.405},"point_estimate":13463810.09,"standard_error":18140.13093574613},"median":{"confidence_interval":{"confidence_level":0.95,"lower_bound":13411702.603125,"upper_bound":13474621.5},"point_estimate":13445882.5,"standard_error":15790.427887849},"median_abs_dev":{"confidence_interval":{"confidence_level":0.95,"lower_bound":111692.41031706333,"upper_bound":210730.8298587799},"point_estimate":151025.972943753,"standard_error":25573.64082490329},"slope":null,"std_dev":{"confidence_interval":{"confidence_level":0.95,"lower_bound":138508.63066885486,"upper_bound":227732.04892347282},"point_estimate":182406.95345552184,"standard_error":23079.013646303323}}