{"mean":{"confidence_interval":{"confidence_level":0.95,"lower_bound":2592.0420475271285,"upper_bound":2607.7737643468286},"point_estimate":2599.422261581802,"standard_error":4.033325041477173},"median":{"confidence_interval":{"confidence_level":0.95,"lower_bound":2583.5038606010016,"upper_bound":2592.882512520868},"point_estimate":2586.3599749582636,"standard_error":2.8240953328717016},"median_abs_dev":{"confidence_interval":{"confidence_level":0.95,"lower_bound":19.43437340288372,"upper_bound":35.81885116917975},"point_estimate":24.829682176046422,"standard_error":4.3561744350043},"slope":null,"std_dev":{"confidence_interval":{"confidence_level":0.95,"lower_bound":26.74570915512923,"upper_bound":54.03286173125891},"point_estimate":40.75343031515686,"standard_error":7.080237992019535}}