{"mean":{"confidence_interval":{"confidence_level":0.95,"lower_bound":29610547.647125002,"upper_bound":29814941.126},"point_estimate":29701907.95,"standard_error":52462.39977071598},"median":{"confidence_interval":{"confidence_level":0.95,"lower_bound":29515901.0,"upper_bound":29635574.0},"point_estimate":29563706.25,"standard_error":34840.278054402355},"median_abs_dev":{"confidence_interval":{"confidence_level":0.95,"lower_bound":167857.3744699359,"upper_bound":299851.39687657356},"point_estimate":210386.49601489305,"standard_error":38363.13953273682},"slope":null,"std_dev":{"confidence_interval":{"confidence_level":0.95,"lower_bound":266252.1758824663,"upper_bound":767699.8330217433},"point_estimate":529744.6382200641,"standard_error":131767.31350257137}}