{"mean":{"confidence_interval":{"confidence_level":0.95,"lower_bound":513782128.45,"upper_bound":514818320.1835},"point_estimate":514284482.07,"standard_error":265202.7445830123},"median":{"confidence_interval":{"confidence_level":0.95,"lower_bound":513167938.5,"upper_bound":514105339.5},"point_estimate":513640667.5,"standard_error":271755.31976372085},"median_abs_dev":{"confidence_interval":{"confidence_level":0.95,"lower_bound":1571724.2471963167,"upper_bound":2482381.295443922},"point_estimate":2167398.0755209923,"standard_error":232093.11737300502},"slope":null,"std_dev":{"confidence_interval":{"confidence_level":0.95,"lower_bound":2096209.611994255,"upper_bound":3216263.6188040115},"point_estimate":2675625.743539741,"standard_error":287227.23956184124}}