{"mean":{"confidence_interval":{"confidence_level":0.95,"lower_bound":-0.9801656702729925,"upper_bound":-0.9800172073263946},"point_estimate":-0.9800890011766353,"standard_error":0.00003806522913486107},"median":{"confidence_interval":{"confidence_level":0.95,"lower_bound":-0.9801678880750928,"upper_bound":-0.9800528957052901},"point_estimate":-0.9801073117627114,"standard_error":0.000029476746767789103}}