{"mean":{"confidence_interval":{"confidence_level":0.95,"lower_bound":413410376.27,"upper_bound":415516772.28125},"point_estimate":414330712.81,"standard_error":546477.1274722316},"median":{"confidence_interval":{"confidence_level":0.95,"lower_bound":412364585.0,"upper_bound":413811235.0},"point_estimate":413276490.0,"standard_error":372125.9552195116},"median_abs_dev":{"confidence_interval":{"confidence_level":0.95,"lower_bound":1837186.7376834154,"upper_bound":3122836.648258567},"point_estimate":2654790.214768052,"standard_error":322714.61118903273},"slope":null,"std_dev":{"confidence_interval":{"confidence_level":0.95,"lower_bound":2545301.4273590706,"upper_bound":8427976.986010548},"point_estimate":5505280.430872876,"standard_error":1737250.2712004723}}