{"mean":{"confidence_interval":{"confidence_level":0.95,"lower_bound":-0.8120350567147819,"upper_bound":-0.8107146385093196},"point_estimate":-0.8114237486350555,"standard_error":0.00034002341840366524},"median":{"confidence_interval":{"confidence_level":0.95,"lower_bound":-0.8126986907409154,"upper_bound":-0.8121869802552276},"point_estimate":-0.8123790075219044,"standard_error":0.00013708954068484625}}