{"mean":{"confidence_interval":{"confidence_level":0.95,"lower_bound":41728.704527027025,"upper_bound":42002.04158847129},"point_estimate":41855.602398648654,"standard_error":69.96375429483518},"median":{"confidence_interval":{"confidence_level":0.95,"lower_bound":41512.13935810811,"upper_bound":41772.59586148649},"point_estimate":41592.10092905405,"standard_error":69.77060823835292},"median_abs_dev":{"confidence_interval":{"confidence_level":0.95,"lower_bound":287.4634877174468,"upper_bound":595.4329358816491},"point_estimate":421.6174980046583,"standard_error":79.59369352649205},"slope":null,"std_dev":{"confidence_interval":{"confidence_level":0.95,"lower_bound":469.41602998152393,"upper_bound":958.2922861182874},"point_estimate":702.9100796942146,"standard_error":135.16852364133098}}