{"mean":{"confidence_interval":{"confidence_level":0.95,"lower_bound":12756168.5375,"upper_bound":12857813.873375},"point_estimate":12802605.3425,"standard_error":26069.921927353844},"median":{"confidence_interval":{"confidence_level":0.95,"lower_bound":12725531.0,"upper_bound":12783256.875},"point_estimate":12741450.5,"standard_error":15575.156047993643},"median_abs_dev":{"confidence_interval":{"confidence_level":0.95,"lower_bound":102914.30652290587,"upper_bound":168056.96949139237},"point_estimate":124292.28619337082,"standard_error":15933.79130715042},"slope":null,"std_dev":{"confidence_interval":{"confidence_level":0.95,"lower_bound":141177.15921411928,"upper_bound":367563.31414363405},"point_estimate":263012.3923644997,"standard_error":58558.74807182673}}