{"mean":{"confidence_interval":{"confidence_level":0.95,"lower_bound":1349856.6143243248,"upper_bound":1355443.6856756762},"point_estimate":1352396.9227027032,"standard_error":1433.232589680839},"median":{"confidence_interval":{"confidence_level":0.95,"lower_bound":1345995.2837837837,"upper_bound":1350692.3243243243},"point_estimate":1347908.9864864866,"standard_error":1325.2981783950163},"median_abs_dev":{"confidence_interval":{"confidence_level":0.95,"lower_bound":4279.965596988366,"upper_bound":9556.19830601925},"point_estimate":6705.338872848563,"standard_error":1406.2938673773294},"slope":null,"std_dev":{"confidence_interval":{"confidence_level":0.95,"lower_bound":7491.121430754929,"upper_bound":19753.13645855907},"point_estimate":14447.342695681647,"standard_error":3027.2976280901726}}