{"mean":{"confidence_interval":{"confidence_level":0.95,"lower_bound":291967.160643275,"upper_bound":294368.028888889},"point_estimate":293080.4810526316,"standard_error":615.5227484585063},"median":{"confidence_interval":{"confidence_level":0.95,"lower_bound":290399.49707602337,"upper_bound":292004.23976608185},"point_estimate":290980.51754385966,"standard_error":399.98733552171285},"median_abs_dev":{"confidence_interval":{"confidence_level":0.95,"lower_bound":1311.7108188177683,"upper_bound":2815.903864042762},"point_estimate":2058.342963457122,"standard_error":367.116953253965},"slope":null,"std_dev":{"confidence_interval":{"confidence_level":0.95,"lower_bound":3895.002529637801,"upper_bound":8123.587050799286},"point_estimate":6200.706033905856,"standard_error":1069.9843197665582}}