{"mean":{"confidence_interval":{"confidence_level":0.95,"lower_bound":5077.5171253968265,"upper_bound":5109.877213517667},"point_estimate":5092.760412698414,"standard_error":8.28492178958562},"median":{"confidence_interval":{"confidence_level":0.95,"lower_bound":5052.612288786482,"upper_bound":5074.757910906298},"point_estimate":5063.2185355862775,"standard_error":6.205992808912019},"median_abs_dev":{"confidence_interval":{"confidence_level":0.95,"lower_bound":32.230569535318864,"upper_bound":64.5693164880751},"point_estimate":49.96582061830595,"standard_error":8.202939249184045},"slope":null,"std_dev":{"confidence_interval":{"confidence_level":0.95,"lower_bound":59.612833418462095,"upper_bound":103.8519955651881},"point_estimate":83.07013988795059,"standard_error":11.282363385888734}}