{"mean":{"confidence_interval":{"confidence_level":0.95,"lower_bound":2571.227674010629,"upper_bound":2595.8559217790635},"point_estimate":2582.072366234973,"standard_error":6.354660779715188},"median":{"confidence_interval":{"confidence_level":0.95,"lower_bound":2561.3298591403955,"upper_bound":2571.9960270367887},"point_estimate":2566.5373303751094,"standard_error":2.376913185471709},"median_abs_dev":{"confidence_interval":{"confidence_level":0.95,"lower_bound":19.16739149707693,"upper_bound":32.997851475467925},"point_estimate":26.703399505281123,"standard_error":3.533278616800118},"slope":null,"std_dev":{"confidence_interval":{"confidence_level":0.95,"lower_bound":26.6246553632792,"upper_bound":93.73883734615629},"point_estimate":64.06410420261797,"standard_error":17.883170523341533}}