{"mean":{"confidence_interval":{"confidence_level":0.95,"lower_bound":-0.9761772622052973,"upper_bound":-0.9759814582588637},"point_estimate":-0.9760787731380205,"standard_error":0.00004994981778518972},"median":{"confidence_interval":{"confidence_level":0.95,"lower_bound":-0.9761675830956044,"upper_bound":-0.9760210842958746},"point_estimate":-0.9761202382069744,"standard_error":0.00003690067387470112}}