{"mean":{"confidence_interval":{"confidence_level":0.95,"lower_bound":63300.95477040816,"upper_bound":63630.358443877594},"point_estimate":63452.48664540818,"standard_error":84.01387042464128},"median":{"confidence_interval":{"confidence_level":0.95,"lower_bound":63036.829081632655,"upper_bound":63357.62244897959},"point_estimate":63170.77168367347,"standard_error":82.78649971634438},"median_abs_dev":{"confidence_interval":{"confidence_level":0.95,"lower_bound":296.18243849171216,"upper_bound":604.5528321241835},"point_estimate":466.6048470732521,"standard_error":75.59311821356653},"slope":null,"std_dev":{"confidence_interval":{"confidence_level":0.95,"lower_bound":568.2189097118379,"upper_bound":1124.76932736594},"point_estimate":841.2564011059842,"standard_error":148.53205113485416}}