{"mean":{"confidence_interval":{"confidence_level":0.95,"lower_bound":62606715.85,"upper_bound":62900328.3945},"point_estimate":62742916.96,"standard_error":74666.26836958877},"median":{"confidence_interval":{"confidence_level":0.95,"lower_bound":62466451.0,"upper_bound":62671658.0},"point_estimate":62562183.0,"standard_error":48257.032362198515},"median_abs_dev":{"confidence_interval":{"confidence_level":0.95,"lower_bound":327666.17699526274,"upper_bound":554496.8379557133},"point_estimate":438367.74721741676,"standard_error":58265.07161719567},"slope":null,"std_dev":{"confidence_interval":{"confidence_level":0.95,"lower_bound":489613.51619050483,"upper_bound":980494.2304122915},"point_estimate":747073.7862916756,"standard_error":125314.57520836234}}