{"mean":{"confidence_interval":{"confidence_level":0.95,"lower_bound":51559185.625374995,"upper_bound":53174635.841125},"point_estimate":52341701.4,"standard_error":412341.91520894476},"median":{"confidence_interval":{"confidence_level":0.95,"lower_bound":50495442.5,"upper_bound":52198519.25},"point_estimate":51227346.75,"standard_error":452400.0598181076},"median_abs_dev":{"confidence_interval":{"confidence_level":0.95,"lower_bound":3145471.1314067245,"upper_bound":5121227.5930300355},"point_estimate":4065512.6297727227,"standard_error":529327.6074163401},"slope":null,"std_dev":{"confidence_interval":{"confidence_level":0.95,"lower_bound":3496531.031135238,"upper_bound":4726737.441881981},"point_estimate":4150395.363029286,"standard_error":312795.2897532784}}