{"mean":{"confidence_interval":{"confidence_level":0.95,"lower_bound":1416821.094055555,"upper_bound":1425789.909402777},"point_estimate":1420853.3972222223,"standard_error":2306.6695370342222},"median":{"confidence_interval":{"confidence_level":0.95,"lower_bound":1411113.888888889,"upper_bound":1417417.486111111},"point_estimate":1414094.5972222222,"standard_error":1616.1923801380287},"median_abs_dev":{"confidence_interval":{"confidence_level":0.95,"lower_bound":4979.270828266632,"upper_bound":11256.233099953619},"point_estimate":8186.937646319449,"standard_error":1612.7486677215004},"slope":null,"std_dev":{"confidence_interval":{"confidence_level":0.95,"lower_bound":10744.513184611058,"upper_bound":33370.443145654936},"point_estimate":23143.983525122465,"standard_error":5815.370433704083}}