{"mean":{"confidence_interval":{"confidence_level":0.95,"lower_bound":257242462.6055,"upper_bound":257933781.27},"point_estimate":257571494.0,"standard_error":177777.94423637545},"median":{"confidence_interval":{"confidence_level":0.95,"lower_bound":256848535.0,"upper_bound":257267805.0},"point_estimate":257074937.0,"standard_error":112697.69042253443},"median_abs_dev":{"confidence_interval":{"confidence_level":0.95,"lower_bound":587329.7556728125,"upper_bound":1160082.8478594099},"point_estimate":825387.1269464493,"standard_error":141230.3245350416},"slope":null,"std_dev":{"confidence_interval":{"confidence_level":0.95,"lower_bound":1321951.5626072227,"upper_bound":2170048.355584677},"point_estimate":1786653.8024607834,"standard_error":218489.70896224116}}