{"mean":{"confidence_interval":{"confidence_level":0.95,"lower_bound":279034311.13575,"upper_bound":279655282.62075},"point_estimate":279335590.86,"standard_error":158302.69286443532},"median":{"confidence_interval":{"confidence_level":0.95,"lower_bound":278680753.0,"upper_bound":279361657.0},"point_estimate":278931449.5,"standard_error":165747.74572080793},"median_abs_dev":{"confidence_interval":{"confidence_level":0.95,"lower_bound":890821.6767847538,"upper_bound":1519934.806215763},"point_estimate":1114386.6333156824,"standard_error":153485.20160970394},"slope":null,"std_dev":{"confidence_interval":{"confidence_level":0.95,"lower_bound":1298541.898618707,"upper_bound":1852091.7863320506},"point_estimate":1599054.622031241,"standard_error":141450.88864013745}}