{"mean":{"confidence_interval":{"confidence_level":0.95,"lower_bound":369903.07355555566,"upper_bound":371568.81948148157},"point_estimate":370681.4540000001,"standard_error":424.7682472570044},"median":{"confidence_interval":{"confidence_level":0.95,"lower_bound":368872.037037037,"upper_bound":370639.9},"point_estimate":369528.36296296294,"standard_error":510.5511598516919},"median_abs_dev":{"confidence_interval":{"confidence_level":0.95,"lower_bound":2310.110403431783,"upper_bound":3968.868924927402},"point_estimate":3005.729837748743,"standard_error":467.11070676864296},"slope":null,"std_dev":{"confidence_interval":{"confidence_level":0.95,"lower_bound":2784.302968071344,"upper_bound":5595.569565429128},"point_estimate":4269.2202151157635,"standard_error":716.9566524802416}}