{"mean":{"confidence_interval":{"confidence_level":0.95,"lower_bound":2592.6639055390697,"upper_bound":2613.507388606903},"point_estimate":2602.1057905148623,"standard_error":5.342826880518466},"median":{"confidence_interval":{"confidence_level":0.95,"lower_bound":2575.161486803061,"upper_bound":2588.231974595242},"point_estimate":2582.278567338227,"standard_error":2.833683205512382},"median_abs_dev":{"confidence_interval":{"confidence_level":0.95,"lower_bound":16.07272977868497,"upper_bound":36.30189527929777},"point_estimate":26.41094902353713,"standard_error":5.404381321666962},"slope":null,"std_dev":{"confidence_interval":{"confidence_level":0.95,"lower_bound":33.23185845949633,"upper_bound":77.32752485052598},"point_estimate":53.98893997652692,"standard_error":13.279342904067509}}