{"mean":{"confidence_interval":{"confidence_level":0.95,"lower_bound":-0.8115889578628686,"upper_bound":-0.8110136410832535},"point_estimate":-0.8113061379245354,"standard_error":0.00014714874182893592},"median":{"confidence_interval":{"confidence_level":0.95,"lower_bound":-0.8118767609042827,"upper_bound":-0.811407461283775},"point_estimate":-0.811656301691399,"standard_error":0.00012051540043986125}}