{"mean":{"confidence_interval":{"confidence_level":0.95,"lower_bound":48067525.94,"upper_bound":48382484.57},"point_estimate":48211306.69,"standard_error":80521.13002926442},"median":{"confidence_interval":{"confidence_level":0.95,"lower_bound":47847337.0,"upper_bound":48192397.0},"point_estimate":48064275.5,"standard_error":92861.32393740195},"median_abs_dev":{"confidence_interval":{"confidence_level":0.95,"lower_bound":366670.6950902939,"upper_bound":679861.7852300406},"point_estimate":574515.6441003084,"standard_error":86322.04355606013},"slope":null,"std_dev":{"confidence_interval":{"confidence_level":0.95,"lower_bound":468974.5935361764,"upper_bound":1146126.224087164},"point_estimate":811116.1417140986,"standard_error":180667.0341050472}}