{"mean":{"confidence_interval":{"confidence_level":0.95,"lower_bound":-0.9769680446430283,"upper_bound":-0.976747116704932},"point_estimate":-0.9768557387433177,"standard_error":0.00005606014237822516},"median":{"confidence_interval":{"confidence_level":0.95,"lower_bound":-0.9769691228650279,"upper_bound":-0.976770339409053},"point_estimate":-0.9769017399220186,"standard_error":0.00005216450832070038}}