{"mean":{"confidence_interval":{"confidence_level":0.95,"lower_bound":24322.278072289177,"upper_bound":24513.740327183736},"point_estimate":24412.88342369478,"standard_error":49.0684196541093},"median":{"confidence_interval":{"confidence_level":0.95,"lower_bound":24177.6172188755,"upper_bound":24387.863202811244},"point_estimate":24277.274598393575,"standard_error":53.709766708717076},"median_abs_dev":{"confidence_interval":{"confidence_level":0.95,"lower_bound":196.0704972720602,"upper_bound":386.603200817142},"point_estimate":322.2176500023837,"standard_error":48.76407712100127},"slope":null,"std_dev":{"confidence_interval":{"confidence_level":0.95,"lower_bound":333.5493099810034,"upper_bound":631.616872964582},"point_estimate":492.93694294971965,"standard_error":75.89058422073522}}