{"mean":{"confidence_interval":{"confidence_level":0.95,"lower_bound":27729.623601666655,"upper_bound":28265.791140138885},"point_estimate":27957.50817222221,"standard_error":139.2165965954275},"median":{"confidence_interval":{"confidence_level":0.95,"lower_bound":27511.513333333336,"upper_bound":27793.545},"point_estimate":27660.07861111111,"standard_error":73.59273796390609},"median_abs_dev":{"confidence_interval":{"confidence_level":0.95,"lower_bound":322.9003902673744,"upper_bound":576.9784897565805},"point_estimate":434.85563261309704,"standard_error":65.6883937339581},"slope":null,"std_dev":{"confidence_interval":{"confidence_level":0.95,"lower_bound":545.7165636724465,"upper_bound":2150.7520139130843},"point_estimate":1385.9703763068028,"standard_error":452.07422650520346}}