{"mean":{"confidence_interval":{"confidence_level":0.95,"lower_bound":4231.865625106457,"upper_bound":4261.978141713507},"point_estimate":4246.1181987736345,"standard_error":7.731625015807219},"median":{"confidence_interval":{"confidence_level":0.95,"lower_bound":4212.890137966275,"upper_bound":4240.211420541646},"point_estimate":4222.234414920797,"standard_error":6.45980246230284},"median_abs_dev":{"confidence_interval":{"confidence_level":0.95,"lower_bound":41.67296602050444,"upper_bound":69.27581586259674},"point_estimate":57.450748980044644,"standard_error":7.034757858211466},"slope":null,"std_dev":{"confidence_interval":{"confidence_level":0.95,"lower_bound":54.070865907641334,"upper_bound":103.72803497935865},"point_estimate":77.85937441864027,"standard_error":13.603565360228329}}