{"mean":{"confidence_interval":{"confidence_level":0.95,"lower_bound":98932342.01,"upper_bound":99713532.7125},"point_estimate":99293088.48,"standard_error":199929.69660357447},"median":{"confidence_interval":{"confidence_level":0.95,"lower_bound":98432288.0,"upper_bound":99149847.0},"point_estimate":98582508.0,"standard_error":160324.65313051295},"median_abs_dev":{"confidence_interval":{"confidence_level":0.95,"lower_bound":729729.7766447067,"upper_bound":1427251.5514612198},"point_estimate":967945.0448155403,"standard_error":160456.51035727942},"slope":null,"std_dev":{"confidence_interval":{"confidence_level":0.95,"lower_bound":1311101.1542582912,"upper_bound":2696668.0344153163},"point_estimate":2007144.2840624272,"standard_error":361979.55452645686}}