{"mean":{"confidence_interval":{"confidence_level":0.95,"lower_bound":10111644.692000004,"upper_bound":10184865.713999998},"point_estimate":10145128.377999999,"standard_error":18688.01383869033},"median":{"confidence_interval":{"confidence_level":0.95,"lower_bound":10090227.5,"upper_bound":10160063.6},"point_estimate":10130261.0,"standard_error":16451.398166437182},"median_abs_dev":{"confidence_interval":{"confidence_level":0.95,"lower_bound":94095.13470947715,"upper_bound":163941.01250946548},"point_estimate":134834.01678621743,"standard_error":17934.339266543677},"slope":null,"std_dev":{"confidence_interval":{"confidence_level":0.95,"lower_bound":105459.43327486112,"upper_bound":263007.6413800387},"point_estimate":186459.2382520449,"standard_error":42154.390532929974}}