{"mean":{"confidence_interval":{"confidence_level":0.95,"lower_bound":122749886.59099999,"upper_bound":123353428.96},"point_estimate":123031204.6,"standard_error":154421.17885851295},"median":{"confidence_interval":{"confidence_level":0.95,"lower_bound":122479055.5,"upper_bound":122896856.0},"point_estimate":122734224.0,"standard_error":105795.60775383389},"median_abs_dev":{"confidence_interval":{"confidence_level":0.95,"lower_bound":655360.3380650282,"upper_bound":982448.6346555499},"point_estimate":817865.8972799778,"standard_error":80284.43060574045},"slope":null,"std_dev":{"confidence_interval":{"confidence_level":0.95,"lower_bound":983590.4915554336,"upper_bound":2035175.2912454843},"point_estimate":1547087.8290279922,"standard_error":267504.2439088358}}