{"mean":{"confidence_interval":{"confidence_level":0.95,"lower_bound":93413483.62625,"upper_bound":93872753.37799999},"point_estimate":93622052.02,"standard_error":117868.66899255507},"median":{"confidence_interval":{"confidence_level":0.95,"lower_bound":93190670.5,"upper_bound":93454488.0},"point_estimate":93375007.0,"standard_error":62980.28914295586},"median_abs_dev":{"confidence_interval":{"confidence_level":0.95,"lower_bound":396482.0740610361,"upper_bound":663781.4873830222},"point_estimate":534919.8466032743,"standard_error":65800.73282414497},"slope":null,"std_dev":{"confidence_interval":{"confidence_level":0.95,"lower_bound":602762.926956423,"upper_bound":1647508.0504816617},"point_estimate":1186101.5615714458,"standard_error":262484.02074511437}}