{"mean":{"confidence_interval":{"confidence_level":0.95,"lower_bound":162435.86174311928,"upper_bound":163029.0720489297},"point_estimate":162718.05886850157,"standard_error":152.05604065945207},"median":{"confidence_interval":{"confidence_level":0.95,"lower_bound":162084.1620795107,"upper_bound":162820.1009174312},"point_estimate":162358.30581039755,"standard_error":174.3789663239554},"median_abs_dev":{"confidence_interval":{"confidence_level":0.95,"lower_bound":947.227229054917,"upper_bound":1468.5334097081366},"point_estimate":1296.3047127658215,"standard_error":129.0699237200832},"slope":null,"std_dev":{"confidence_interval":{"confidence_level":0.95,"lower_bound":1091.2301802936622,"upper_bound":1933.740504646376},"point_estimate":1526.8888920409327,"standard_error":216.14194363778103}}