{"mean":{"confidence_interval":{"confidence_level":0.95,"lower_bound":2549.985758091992,"upper_bound":2565.920779864229},"point_estimate":2557.399296887099,"standard_error":4.085838273603059},"median":{"confidence_interval":{"confidence_level":0.95,"lower_bound":2537.322853750452,"upper_bound":2549.208352692169},"point_estimate":2544.0655102989003,"standard_error":3.801848876103117},"median_abs_dev":{"confidence_interval":{"confidence_level":0.95,"lower_bound":14.948994840688863,"upper_bound":31.254915752997434},"point_estimate":25.3494669496783,"standard_error":4.841701635265166},"slope":null,"std_dev":{"confidence_interval":{"confidence_level":0.95,"lower_bound":26.736614199867887,"upper_bound":55.50662012229555},"point_estimate":41.06189907277559,"standard_error":7.630167624205461}}