{"mean":{"confidence_interval":{"confidence_level":0.95,"lower_bound":520309.3744921872,"upper_bound":522147.0563046874},"point_estimate":521152.3374999998,"standard_error":470.77037569658063},"median":{"confidence_interval":{"confidence_level":0.95,"lower_bound":518742.296875,"upper_bound":520696.6458333333},"point_estimate":519329.03125,"standard_error":495.4552779863114},"median_abs_dev":{"confidence_interval":{"confidence_level":0.95,"lower_bound":1232.4652812442955,"upper_bound":3564.816464602509},"point_estimate":2246.94203510879,"standard_error":588.1267170419202},"slope":null,"std_dev":{"confidence_interval":{"confidence_level":0.95,"lower_bound":2754.208793697562,"upper_bound":6666.603078086477},"point_estimate":4745.931301158763,"standard_error":1034.5951037824236}}