{"mean":{"confidence_interval":{"confidence_level":0.95,"lower_bound":2617.6362155845527,"upper_bound":2639.6898165775833},"point_estimate":2628.077704239376,"standard_error":5.662599537286597},"median":{"confidence_interval":{"confidence_level":0.95,"lower_bound":2600.181260808049,"upper_bound":2628.2702929308807},"point_estimate":2608.2821359325053,"standard_error":7.540362305147426},"median_abs_dev":{"confidence_interval":{"confidence_level":0.95,"lower_bound":24.711514558924918,"upper_bound":49.04066702748306},"point_estimate":35.216702251684595,"standard_error":6.025490546363031},"slope":null,"std_dev":{"confidence_interval":{"confidence_level":0.95,"lower_bound":40.07359766285762,"upper_bound":71.11045031777405},"point_estimate":56.97404381710839,"standard_error":7.9372157529988545}}