{"mean":{"confidence_interval":{"confidence_level":0.95,"lower_bound":234871.76676056336,"upper_bound":236103.13070422533},"point_estimate":235412.3145539907,"standard_error":313.4912413124175},"median":{"confidence_interval":{"confidence_level":0.95,"lower_bound":234166.61502347418,"upper_bound":235300.08920187794},"point_estimate":234486.8075117371,"standard_error":291.31357337741923},"median_abs_dev":{"confidence_interval":{"confidence_level":0.95,"lower_bound":1119.6135604045903,"upper_bound":1982.2848887510402},"point_estimate":1661.9145240162554,"standard_error":218.54301806355986},"slope":null,"std_dev":{"confidence_interval":{"confidence_level":0.95,"lower_bound":1613.1101095439528,"upper_bound":4729.221777686957},"point_estimate":3149.236448875622,"standard_error":929.2590190397242}}