{"mean":{"confidence_interval":{"confidence_level":0.95,"lower_bound":-0.8142418864067127,"upper_bound":-0.8131998080499435},"point_estimate":-0.8137386790652964,"standard_error":0.0002604674443545986},"median":{"confidence_interval":{"confidence_level":0.95,"lower_bound":-0.8143833955647353,"upper_bound":-0.8134308202462275},"point_estimate":-0.8138115830354138,"standard_error":0.00025970859963353883}}