{"mean":{"confidence_interval":{"confidence_level":0.95,"lower_bound":1596042.826703125,"upper_bound":1602963.5720468748},"point_estimate":1599132.1834375,"standard_error":1785.0491979707913},"median":{"confidence_interval":{"confidence_level":0.95,"lower_bound":1591530.703125,"upper_bound":1599328.90625},"point_estimate":1593639.28125,"standard_error":1942.0209490724994},"median_abs_dev":{"confidence_interval":{"confidence_level":0.95,"lower_bound":4983.319664653391,"upper_bound":12145.505315624177},"point_estimate":8337.956926971674,"standard_error":1801.274099880299},"slope":null,"std_dev":{"confidence_interval":{"confidence_level":0.95,"lower_bound":8830.991304925428,"upper_bound":26192.224620781322},"point_estimate":17824.709171707767,"standard_error":4642.623434109812}}