{"mean":{"confidence_interval":{"confidence_level":0.95,"lower_bound":-0.8842562266471088,"upper_bound":-0.8814993868437317},"point_estimate":-0.882998574179519,"standard_error":0.0007079884949775877},"median":{"confidence_interval":{"confidence_level":0.95,"lower_bound":-0.8851970850099732,"upper_bound":-0.8836970095405452},"point_estimate":-0.8844483398983767,"standard_error":0.0004108189841906491}}