{"mean":{"confidence_interval":{"confidence_level":0.95,"lower_bound":188030.0263264151,"upper_bound":188742.70913207543},"point_estimate":188370.19667924527,"standard_error":181.77310267718738},"median":{"confidence_interval":{"confidence_level":0.95,"lower_bound":187594.14339622643,"upper_bound":188411.47547169813},"point_estimate":187908.5924528302,"standard_error":190.246523077028},"median_abs_dev":{"confidence_interval":{"confidence_level":0.95,"lower_bound":1059.505104208902,"upper_bound":1812.2770580143276},"point_estimate":1487.4142275553636,"standard_error":182.42856236738442},"slope":null,"std_dev":{"confidence_interval":{"confidence_level":0.95,"lower_bound":1308.7503789357536,"upper_bound":2369.8749310287494},"point_estimate":1829.5508365519447,"standard_error":278.50631120210403}}