{"mean":{"confidence_interval":{"confidence_level":0.95,"lower_bound":2597.8361737820787,"upper_bound":2618.3717103066974},"point_estimate":2606.8405330690584,"standard_error":5.241610937257951},"median":{"confidence_interval":{"confidence_level":0.95,"lower_bound":2585.149228040893,"upper_bound":2601.703108700188},"point_estimate":2593.905252451492,"standard_error":4.012686516098735},"median_abs_dev":{"confidence_interval":{"confidence_level":0.95,"lower_bound":19.998164040955736,"upper_bound":37.27313520489835},"point_estimate":30.377021174658097,"standard_error":4.3743997473075895},"slope":null,"std_dev":{"confidence_interval":{"confidence_level":0.95,"lower_bound":28.86222863163283,"upper_bound":78.51029935371078},"point_estimate":52.60742284760346,"standard_error":15.528003806031304}}