{"mean":{"confidence_interval":{"confidence_level":0.95,"lower_bound":99069082.74,"upper_bound":99718111.64},"point_estimate":99370291.36,"standard_error":165764.29380909615},"median":{"confidence_interval":{"confidence_level":0.95,"lower_bound":98680499.0,"upper_bound":99214379.0},"point_estimate":98977683.5,"standard_error":138032.07946828005},"median_abs_dev":{"confidence_interval":{"confidence_level":0.95,"lower_bound":718806.7213386297,"upper_bound":1179152.530565858},"point_estimate":1020866.4508759975,"standard_error":114604.92186455686},"slope":null,"std_dev":{"confidence_interval":{"confidence_level":0.95,"lower_bound":1169879.645693274,"upper_bound":2141353.602409398},"point_estimate":1667794.9637556523,"standard_error":250290.86376991455}}