{"mean":{"confidence_interval":{"confidence_level":0.95,"lower_bound":146158.96146627562,"upper_bound":147294.47985337232},"point_estimate":146663.71501466274,"standard_error":292.2796756910573},"median":{"confidence_interval":{"confidence_level":0.95,"lower_bound":145403.59824046923,"upper_bound":146103.44428152492},"point_estimate":145698.39882697945,"standard_error":157.00305480916086},"median_abs_dev":{"confidence_interval":{"confidence_level":0.95,"lower_bound":600.8660303881961,"upper_bound":1283.8359255944556},"point_estimate":961.8921673804483,"standard_error":168.22913444541592},"slope":null,"std_dev":{"confidence_interval":{"confidence_level":0.95,"lower_bound":1675.918045384255,"upper_bound":4173.290813637039},"point_estimate":2928.6746095332687,"standard_error":676.6874272385645}}