{"mean":{"confidence_interval":{"confidence_level":0.95,"lower_bound":687700.5626027398,"upper_bound":691511.83189726},"point_estimate":689439.620410959,"standard_error":976.7932198430891},"median":{"confidence_interval":{"confidence_level":0.95,"lower_bound":685300.5342465753,"upper_bound":687933.5},"point_estimate":686753.102739726,"standard_error":648.7580195636806},"median_abs_dev":{"confidence_interval":{"confidence_level":0.95,"lower_bound":2799.737728376924,"upper_bound":5603.20226627666},"point_estimate":4165.91298494434,"standard_error":693.6321890128536},"slope":null,"std_dev":{"confidence_interval":{"confidence_level":0.95,"lower_bound":4741.989017705029,"upper_bound":13448.243574332093},"point_estimate":9741.045732871857,"standard_error":2134.089846681628}}