{"mean":{"confidence_interval":{"confidence_level":0.95,"lower_bound":72004791.77625,"upper_bound":72555817.71700001},"point_estimate":72257375.81,"standard_error":141136.9373059153},"median":{"confidence_interval":{"confidence_level":0.95,"lower_bound":71738404.0,"upper_bound":72077329.0},"point_estimate":71877929.5,"standard_error":80111.56689028088},"median_abs_dev":{"confidence_interval":{"confidence_level":0.95,"lower_bound":451599.95198249817,"upper_bound":763312.1486485004},"point_estimate":612522.8357255459,"standard_error":80188.73364425037},"slope":null,"std_dev":{"confidence_interval":{"confidence_level":0.95,"lower_bound":796141.4736736445,"upper_bound":1949654.981563211},"point_estimate":1424569.9319425928,"standard_error":295374.94006008055}}