{"mean":{"confidence_interval":{"confidence_level":0.95,"lower_bound":2580.045114016736,"upper_bound":2603.751145920502},"point_estimate":2590.9933404811713,"standard_error":6.086118006931401},"median":{"confidence_interval":{"confidence_level":0.95,"lower_bound":2566.588179916318,"upper_bound":2584.6430439330543},"point_estimate":2574.8840481171546,"standard_error":5.116889945046728},"median_abs_dev":{"confidence_interval":{"confidence_level":0.95,"lower_bound":24.029091743900704,"upper_bound":41.707933302423186},"point_estimate":34.44858258925179,"standard_error":4.712028105994667},"slope":null,"std_dev":{"confidence_interval":{"confidence_level":0.95,"lower_bound":34.78459009569105,"upper_bound":84.58464911812378},"point_estimate":61.25230515390303,"standard_error":12.944999303315624}}