{"mean":{"confidence_interval":{"confidence_level":0.95,"lower_bound":231459.56266627906,"upper_bound":232541.6417209302},"point_estimate":231934.3658604651,"standard_error":279.7255313678591},"median":{"confidence_interval":{"confidence_level":0.95,"lower_bound":230860.97441860463,"upper_bound":231633.52093023257},"point_estimate":231163.75581395347,"standard_error":182.73245499361218},"median_abs_dev":{"confidence_interval":{"confidence_level":0.95,"lower_bound":997.0967529956918,"upper_bound":1822.0393413035122},"point_estimate":1439.5597516520022,"standard_error":209.70366928645362},"slope":null,"std_dev":{"confidence_interval":{"confidence_level":0.95,"lower_bound":1451.680058826058,"upper_bound":4291.471901698129},"point_estimate":2829.3669264217733,"standard_error":889.4492271619727}}