{"mean":{"confidence_interval":{"confidence_level":0.95,"lower_bound":2914.6615005868543,"upper_bound":2936.681795745306},"point_estimate":2924.9048521126765,"standard_error":5.652831611007518},"median":{"confidence_interval":{"confidence_level":0.95,"lower_bound":2903.111179577465,"upper_bound":2923.987734741784},"point_estimate":2911.1961561032867,"standard_error":5.391051792633399},"median_abs_dev":{"confidence_interval":{"confidence_level":0.95,"lower_bound":28.794893115548593,"upper_bound":46.104595836408784},"point_estimate":34.74734929508287,"standard_error":4.436926047837036},"slope":null,"std_dev":{"confidence_interval":{"confidence_level":0.95,"lower_bound":35.45184570824185,"upper_bound":78.91806306176396},"point_estimate":57.02296696785145,"standard_error":11.593932908026417}}