{"mean":{"confidence_interval":{"confidence_level":0.95,"lower_bound":745367.111044776,"upper_bound":751139.0815671642},"point_estimate":747912.8901492542,"standard_error":1481.0546833208239},"median":{"confidence_interval":{"confidence_level":0.95,"lower_bound":743898.8955223882,"upper_bound":747503.1194029851},"point_estimate":745730.1417910447,"standard_error":954.2951741081633},"median_abs_dev":{"confidence_interval":{"confidence_level":0.95,"lower_bound":6937.642634854594,"upper_bound":10379.12920677842},"point_estimate":8841.772611683993,"standard_error":840.1658637032406},"slope":null,"std_dev":{"confidence_interval":{"confidence_level":0.95,"lower_bound":6642.556055596189,"upper_bound":21343.757851373786},"point_estimate":14774.002718196909,"standard_error":3819.718398084924}}