{"mean":{"confidence_interval":{"confidence_level":0.95,"lower_bound":292384.12629411765,"upper_bound":293460.1143014706},"point_estimate":292877.90517647064,"standard_error":276.15246564225674},"median":{"confidence_interval":{"confidence_level":0.95,"lower_bound":291583.46176470583,"upper_bound":292969.6088235294},"point_estimate":292135.09705882357,"standard_error":378.5444428688766},"median_abs_dev":{"confidence_interval":{"confidence_level":0.95,"lower_bound":1363.5384746158154,"upper_bound":2527.1745063101785},"point_estimate":2074.2707384684672,"standard_error":307.3452323537442},"slope":null,"std_dev":{"confidence_interval":{"confidence_level":0.95,"lower_bound":1668.9551484192134,"upper_bound":3861.0712654311615},"point_estimate":2777.6080127842765,"standard_error":584.8649294871537}}