{"mean":{"confidence_interval":{"confidence_level":0.95,"lower_bound":127423449.85,"upper_bound":127895900.96425},"point_estimate":127650081.24,"standard_error":120450.37617152337},"median":{"confidence_interval":{"confidence_level":0.95,"lower_bound":127168581.0,"upper_bound":127587145.0},"point_estimate":127432117.0,"standard_error":119906.25958776899},"median_abs_dev":{"confidence_interval":{"confidence_level":0.95,"lower_bound":587371.6391220689,"upper_bound":996155.2158147097},"point_estimate":843226.5111297369,"standard_error":101502.59556160688},"slope":null,"std_dev":{"confidence_interval":{"confidence_level":0.95,"lower_bound":947160.5216602777,"upper_bound":1445733.7073386705},"point_estimate":1212961.8153536252,"standard_error":127627.22746408511}}