{"mean":{"confidence_interval":{"confidence_level":0.95,"lower_bound":14833.618921275645,"upper_bound":14997.524788507277},"point_estimate":14909.832890276539,"standard_error":41.77039221447237},"median":{"confidence_interval":{"confidence_level":0.95,"lower_bound":14684.766726137377,"upper_bound":14880.80835563485},"point_estimate":14781.605709188225,"standard_error":55.04052220896311},"median_abs_dev":{"confidence_interval":{"confidence_level":0.95,"lower_bound":141.56913676630558,"upper_bound":361.9913538766691},"point_estimate":247.88582209334882,"standard_error":59.12954881760983},"slope":null,"std_dev":{"confidence_interval":{"confidence_level":0.95,"lower_bound":279.5142247833319,"upper_bound":567.9427952788884},"point_estimate":421.0859377588454,"standard_error":77.0001866485473}}