{"mean":{"confidence_interval":{"confidence_level":0.95,"lower_bound":344854711.72,"upper_bound":346301689.84925},"point_estimate":345481541.28,"standard_error":372268.90144827595},"median":{"confidence_interval":{"confidence_level":0.95,"lower_bound":344375046.0,"upper_bound":345177011.0},"point_estimate":344804704.5,"standard_error":215459.64436164306},"median_abs_dev":{"confidence_interval":{"confidence_level":0.95,"lower_bound":1323129.2966097593,"upper_bound":2232642.852562666},"point_estimate":1746641.3920909166,"standard_error":235290.84241910497},"slope":null,"std_dev":{"confidence_interval":{"confidence_level":0.95,"lower_bound":1833961.5599563327,"upper_bound":5708323.88041731},"point_estimate":3753359.9516583956,"standard_error":1166939.6018137725}}