{"mean":{"confidence_interval":{"confidence_level":0.95,"lower_bound":-0.9797282049922669,"upper_bound":-0.9794833897832018},"point_estimate":-0.979595015311646,"standard_error":0.00006259730080025439},"median":{"confidence_interval":{"confidence_level":0.95,"lower_bound":-0.9796072081318178,"upper_bound":-0.9794951607243497},"point_estimate":-0.9795421811436568,"standard_error":0.00002853924384850679}}