{"mean":{"confidence_interval":{"confidence_level":0.95,"lower_bound":-0.8829916617121759,"upper_bound":-0.8817270216501372},"point_estimate":-0.8823859055644243,"standard_error":0.0003244791141573908},"median":{"confidence_interval":{"confidence_level":0.95,"lower_bound":-0.8835596614750263,"upper_bound":-0.8821734399119924},"point_estimate":-0.8828589807210467,"standard_error":0.00036838160330238866}}