{"mean":{"confidence_interval":{"confidence_level":0.95,"lower_bound":802255544.462,"upper_bound":805777583.34525},"point_estimate":803760634.06,"standard_error":915786.067877926},"median":{"confidence_interval":{"confidence_level":0.95,"lower_bound":801103552.5,"upper_bound":803458949.0},"point_estimate":801745406.5,"standard_error":534983.4298555813},"median_abs_dev":{"confidence_interval":{"confidence_level":0.95,"lower_bound":3118152.3736417294,"upper_bound":5335243.716170488},"point_estimate":3844055.5597543716,"standard_error":525321.1164553805},"slope":null,"std_dev":{"confidence_interval":{"confidence_level":0.95,"lower_bound":4007965.070956815,"upper_bound":14470480.02955735},"point_estimate":9265852.296644611,"standard_error":3237533.7382876705}}