{"mean":{"confidence_interval":{"confidence_level":0.95,"lower_bound":-0.8328098514874285,"upper_bound":-0.8314740556275595},"point_estimate":-0.8321485949213304,"standard_error":0.00033698759185059156},"median":{"confidence_interval":{"confidence_level":0.95,"lower_bound":-0.8327158274704314,"upper_bound":-0.8315833878227636},"point_estimate":-0.8323054001086904,"standard_error":0.00029112381035177745}}