{"mean":{"confidence_interval":{"confidence_level":0.95,"lower_bound":31067195.035,"upper_bound":31232401.644},"point_estimate":31146480.13,"standard_error":42201.30271232276},"median":{"confidence_interval":{"confidence_level":0.95,"lower_bound":30970589.25,"upper_bound":31144721.5},"point_estimate":31069194.0,"standard_error":48823.389544471946},"median_abs_dev":{"confidence_interval":{"confidence_level":0.95,"lower_bound":252978.92457872635,"upper_bound":393473.87871444225},"point_estimate":308436.021374166,"standard_error":36076.04875452985},"slope":null,"std_dev":{"confidence_interval":{"confidence_level":0.95,"lower_bound":312016.4617934709,"upper_bound":521336.859344903},"point_estimate":423272.7544115132,"standard_error":53594.95123106011}}