{"mean":{"confidence_interval":{"confidence_level":0.95,"lower_bound":1504969.6985378792,"upper_bound":1514978.8175757574},"point_estimate":1509540.3709090906,"standard_error":2565.4820812895073},"median":{"confidence_interval":{"confidence_level":0.95,"lower_bound":1498040.696969697,"upper_bound":1506356.6363636365},"point_estimate":1502191.2575757576,"standard_error":2203.631276146706},"median_abs_dev":{"confidence_interval":{"confidence_level":0.95,"lower_bound":7285.226707024914,"upper_bound":15532.952824235193},"point_estimate":12303.468199751489,"standard_error":2171.9982710241247},"slope":null,"std_dev":{"confidence_interval":{"confidence_level":0.95,"lower_bound":15211.876660134263,"upper_bound":34469.326231958585},"point_estimate":25750.683877793384,"standard_error":4968.39884817283}}