{"mean":{"confidence_interval":{"confidence_level":0.95,"lower_bound":-0.8367204679573609,"upper_bound":-0.8351287036750354},"point_estimate":-0.8358799857078558,"standard_error":0.0004044362112145127},"median":{"confidence_interval":{"confidence_level":0.95,"lower_bound":-0.8359154405064118,"upper_bound":-0.8350098088025963},"point_estimate":-0.8355501032202228,"standard_error":0.00024895800606441766}}