{"mean":{"confidence_interval":{"confidence_level":0.95,"lower_bound":334070.65531666664,"upper_bound":335163.6966233333},"point_estimate":334573.34880000015,"standard_error":280.2864885668575},"median":{"confidence_interval":{"confidence_level":0.95,"lower_bound":333240.3666666667,"upper_bound":334386.4666666667},"point_estimate":333544.9966666667,"standard_error":302.1344248611321},"median_abs_dev":{"confidence_interval":{"confidence_level":0.95,"lower_bound":791.7874579429788,"upper_bound":2016.4249202012982},"point_estimate":1307.4357287883747,"standard_error":294.5030559961343},"slope":null,"std_dev":{"confidence_interval":{"confidence_level":0.95,"lower_bound":1610.0290605865741,"upper_bound":3872.3933592974035},"point_estimate":2826.0273672028493,"standard_error":585.70700730972}}