{"mean":{"confidence_interval":{"confidence_level":0.95,"lower_bound":62042.45899128268,"upper_bound":62400.52983779577},"point_estimate":62205.73719800752,"standard_error":92.2830838992228},"median":{"confidence_interval":{"confidence_level":0.95,"lower_bound":61831.71925591532,"upper_bound":62067.72104607721},"point_estimate":61914.71232876713,"standard_error":51.81827300267043},"median_abs_dev":{"confidence_interval":{"confidence_level":0.95,"lower_bound":310.89918352153313,"upper_bound":588.0992204433314},"point_estimate":450.3115855296551,"standard_error":75.78203140778837},"slope":null,"std_dev":{"confidence_interval":{"confidence_level":0.95,"lower_bound":517.4892525154701,"upper_bound":1322.5559948285209},"point_estimate":929.7427013966557,"standard_error":212.9373078888943}}